,Price,N_rooms,Surface_m2,Link,Zone,Price_per_m2
0,1100,1,31.0,"https://www.seloger.com/annonces/locations/appartement/paris-16eme-75/bois-de-boulogne/160039637.htm?projects=1&types=2,1&natures=1&places=[{ci:750107}|{ci:750108}|{ci:750116}]&price=NaN/1200&enterprise=0&qsVersion=1.0&m=search_to_detail",ParisOuest,35.483870967741936
1,990,1,18.0,"https://www.seloger.com/annonces/locations/appartement/paris-16eme-75/porte-dauphine/164077423.htm?projects=1&types=2,1&natures=1&places=[{ci:750107}|{ci:750108}|{ci:750116}]&price=NaN/1200&enterprise=0&qsVersion=1.0&m=search_to_detail",ParisOuest,55.0
2,1100,1,32.0,"https://www.seloger.com/annonces/locations/appartement/paris-16eme-75/porte-dauphine/135499625.htm?projects=1&types=2,1&natures=1&places=[{ci:750107}|{ci:750108}|{ci:750116}]&price=NaN/1200&enterprise=0&qsVersion=1.0&m=search_to_detail",ParisOuest,34.375
3,410,1,10.0,"https://www.seloger.com/annonces/locations/appartement/paris-7eme-75/ecole-militaire/161192029.htm?projects=1&types=2,1&natures=1&places=[{ci:750107}|{ci:750108}|{ci:750116}]&price=NaN/1200&enterprise=0&qsVersion=1.0&m=search_to_detail",ParisOuest,41.0
4,1180,2,40.69,"https://www.seloger.com/annonces/locations/appartement/paris-16eme-75/auteuil-sud/164194803.htm?projects=1&types=2,1&natures=1&places=[{ci:750107}|{ci:750108}|{ci:750116}]&price=NaN/1200&enterprise=0&qsVersion=1.0&m=search_to_detail",ParisOuest,28.999754239370855
5,1068,1,28.0,"https://www.seloger.com/annonces/locations/appartement/paris-8eme-75/triangle-d-or/163772499.htm?projects=1&types=2,1&natures=1&places=[{ci:750107}|{ci:750108}|{ci:750116}]&price=NaN/1200&enterprise=0&qsVersion=1.0&m=search_to_detail",ParisOuest,38.142857142857146
6,895,1,35.0,"https://www.seloger.com/annonces/locations/appartement/paris-16eme-75/auteuil-sud/164493643.htm?projects=1&types=2,1&natures=1&places=[{ci:750107}|{ci:750108}|{ci:750116}]&price=NaN/1200&enterprise=0&qsVersion=1.0&m=search_to_detail",ParisOuest,25.571428571428573
7,650,1,9.3,"https://www.seloger.com/annonces/locations/appartement/paris-8eme-75/saint-philippe-du-roule/150570377.htm?projects=1&types=2,1&natures=1&places=[{ci:750107}|{ci:750108}|{ci:750116}]&price=NaN/1200&enterprise=0&qsVersion=1.0&m=search_to_detail",ParisOuest,69.89247311827957
8,1200,1,30.0,"https://www.seloger.com/annonces/locations/appartement/paris-8eme-75/hoche-friedland/162487523.htm?projects=1&types=2,1&natures=1&places=[{ci:750107}|{ci:750108}|{ci:750116}]&price=NaN/1200&enterprise=0&qsVersion=1.0&m=search_to_detail",ParisOuest,40.0
9,1150,2,23.29,"https://www.seloger.com/annonces/locations/appartement/paris-16eme-75/chaillot/164033143.htm?projects=1&types=2,1&natures=1&places=[{ci:750107}|{ci:750108}|{ci:750116}]&price=NaN/1200&enterprise=0&qsVersion=1.0&m=search_to_detail",ParisOuest,49.377415199656504
10,1090,1,35.0,"https://www.seloger.com/annonces/locations/appartement/paris-16eme-75/bois-de-boulogne/163208299.htm?projects=1&types=2,1&natures=1&places=[{ci:750107}|{ci:750108}|{ci:750116}]&price=NaN/1200&enterprise=0&qsVersion=1.0&m=search_to_detail",ParisOuest,31.142857142857142
11,1100,1,30.69,"https://www.seloger.com/annonces/locations/appartement/paris-8eme-75/parc-monceau/155581749.htm?projects=1&types=2,1&natures=1&places=[{ci:750107}|{ci:750108}|{ci:750116}]&price=NaN/1200&enterprise=0&qsVersion=1.0&m=search_to_detail",ParisOuest,35.842293906810035
12,1200,1,29.0,"https://www.seloger.com/annonces/locations/appartement/paris-8eme-75/saint-philippe-du-roule/160085365.htm?projects=1&types=2,1&natures=1&places=[{ci:750107}|{ci:750108}|{ci:750116}]&price=NaN/1200&enterprise=0&qsVersion=1.0&m=search_to_detail",ParisOuest,41.37931034482759
13,1150,1,30.0,"https://www.seloger.com/annonces/locations/appartement/paris-7eme-75/gros-caillou/162306047.htm?projects=1&types=2,1&natures=1&places=[{ci:750107}|{ci:750108}|{ci:750116}]&price=NaN/1200&enterprise=0&qsVersion=1.0&m=search_to_detail",ParisOuest,38.333333333333336
14,650,1,14.4,"https://www.seloger.com/annonces/locations/appartement/paris-16eme-75/auteuil-nord/162551125.htm?projects=1&types=2,1&natures=1&places=[{ci:750107}|{ci:750108}|{ci:750116}]&price=NaN/1200&enterprise=0&qsVersion=1.0&m=search_to_detail",ParisOuest,45.138888888888886
15,890,1,15.0,"https://www.seloger.com/annonces/locations/appartement/paris-8eme-75/triangle-d-or/162723555.htm?projects=1&types=2,1&natures=1&places=[{ci:750107}|{ci:750108}|{ci:750116}]&price=NaN/1200&enterprise=0&qsVersion=1.0&m=search_to_detail",ParisOuest,59.333333333333336
16,626,1,13.0,"https://www.seloger.com/annonces/locations/appartement/paris-16eme-75/chaillot/163520691.htm?projects=1&types=2,1&natures=1&places=[{ci:750107}|{ci:750108}|{ci:750116}]&price=NaN/1200&enterprise=0&qsVersion=1.0&m=search_to_detail",ParisOuest,48.15384615384615
17,850,1,27.98,"https://www.seloger.com/annonces/locations/appartement/paris-16eme-75/auteuil-nord/163538431.htm?projects=1&types=2,1&natures=1&places=[{ci:750107}|{ci:750108}|{ci:750116}]&price=NaN/1200&enterprise=0&qsVersion=1.0&m=search_to_detail",ParisOuest,30.378842030021442
18,986,1,24.12,"https://www.seloger.com/annonces/locations/appartement/paris-8eme-75/hoche-friedland/164050039.htm?projects=1&types=2,1&natures=1&places=[{ci:750107}|{ci:750108}|{ci:750116}]&price=NaN/1200&enterprise=0&qsVersion=1.0&m=search_to_detail",ParisOuest,40.87893864013267
19,902,1,28.0,"https://www.seloger.com/annonces/locations/appartement/paris-8eme-75/parc-monceau/164050047.htm?projects=1&types=2,1&natures=1&places=[{ci:750107}|{ci:750108}|{ci:750116}]&price=NaN/1200&enterprise=0&qsVersion=1.0&m=search_to_detail",ParisOuest,32.214285714285715
20,1020,2,33.33,"https://www.seloger.com/annonces/locations/appartement/paris-16eme-75/auteuil-sud/164188121.htm?projects=1&types=2,1&natures=1&places=[{ci:750107}|{ci:750108}|{ci:750116}]&price=NaN/1200&enterprise=0&qsVersion=1.0&m=search_to_detail",ParisOuest,30.603060306030606
21,902,1,28.0,"https://www.seloger.com/annonces/locations/appartement/paris-8eme-75/parc-monceau/164277889.htm?projects=1&types=2,1&natures=1&places=[{ci:750107}|{ci:750108}|{ci:750116}]&price=NaN/1200&enterprise=0&qsVersion=1.0&m=search_to_detail",ParisOuest,32.214285714285715
22,1105,1,29.37,"https://www.seloger.com/annonces/locations/appartement/paris-16eme-75/chaillot/160701331.htm?projects=1&types=2,1&natures=1&places=[{ci:750107}|{ci:750108}|{ci:750116}]&price=NaN/1200&enterprise=0&qsVersion=1.0&m=search_to_detail",ParisOuest,37.6234252638747
23,800,1,12.0,"https://www.seloger.com/annonces/locations/appartement/paris-16eme-75/auteuil-sud/163418375.htm?projects=1&types=2,1&natures=1&places=[{ci:750107}|{ci:750108}|{ci:750116}]&price=NaN/1200&enterprise=0&qsVersion=1.0&m=search_to_detail",ParisOuest,66.66666666666667
24,1200,1,22.0,"https://www.seloger.com/annonces/locations/appartement/paris-8eme-75/parc-monceau/163846875.htm?projects=1&types=2,1&natures=1&places=[{ci:750107}|{ci:750108}|{ci:750116}]&price=NaN/1200&enterprise=0&qsVersion=1.0&m=search_to_detail",ParisOuest,54.54545454545455
25,970,1,30.5,"https://www.seloger.com/annonces/locations/appartement/paris-16eme-75/auteuil-sud/163859855.htm?projects=1&types=2,1&natures=1&places=[{ci:750107}|{ci:750108}|{ci:750116}]&price=NaN/1200&enterprise=0&qsVersion=1.0&m=search_to_detail",ParisOuest,31.80327868852459
26,986,1,24.12,"https://www.seloger.com/annonces/locations/appartement/paris-8eme-75/hoche-friedland/164050039.htm?projects=1&types=2,1&natures=1&places=[{ci:750107}|{ci:750108}|{ci:750116}]&price=NaN/1200&enterprise=0&qsVersion=1.0&m=search_to_detail",ParisOuest,40.87893864013267
27,902,1,28.0,"https://www.seloger.com/annonces/locations/appartement/paris-8eme-75/parc-monceau/164050047.htm?projects=1&types=2,1&natures=1&places=[{ci:750107}|{ci:750108}|{ci:750116}]&price=NaN/1200&enterprise=0&qsVersion=1.0&m=search_to_detail",ParisOuest,32.214285714285715
28,990,1,28.0,"https://www.seloger.com/annonces/locations/appartement/paris-16eme-75/chaillot/164147315.htm?projects=1&types=2,1&natures=1&places=[{ci:750107}|{ci:750108}|{ci:750116}]&price=NaN/1200&enterprise=0&qsVersion=1.0&m=search_to_detail",ParisOuest,35.357142857142854
29,850,1,240.0,"https://www.seloger.com/annonces/locations/appartement/paris-16eme-75/chaillot/164147319.htm?projects=1&types=2,1&natures=1&places=[{ci:750107}|{ci:750108}|{ci:750116}]&price=NaN/1200&enterprise=0&qsVersion=1.0&m=search_to_detail",ParisOuest,3.5416666666666665
30,965,1,23.0,"https://www.seloger.com/annonces/locations/appartement/paris-16eme-75/auteuil-nord/164157711.htm?projects=1&types=2,1&natures=1&places=[{ci:750107}|{ci:750108}|{ci:750116}]&price=NaN/1200&enterprise=0&qsVersion=1.0&m=search_to_detail",ParisOuest,41.95652173913044
31,900,1,18.14,"https://www.seloger.com/annonces/locations/appartement/paris-16eme-75/seine-et-berges/164182599.htm?projects=1&types=2,1&natures=1&places=[{ci:750107}|{ci:750108}|{ci:750116}]&price=NaN/1200&enterprise=0&qsVersion=1.0&m=search_to_detail",ParisOuest,49.61411245865491
32,1150,1,22.39,"https://www.seloger.com/annonces/locations/appartement/paris-16eme-75/auteuil-nord/159970055.htm?projects=1&types=2,1&natures=1&places=[{ci:750107}|{ci:750108}|{ci:750116}]&price=NaN/1200&enterprise=0&qsVersion=1.0&m=search_to_detail",ParisOuest,51.362215274676196
33,1020,2,31.0,"https://www.seloger.com/annonces/locations/appartement/paris-16eme-75/auteuil-sud/164492163.htm?projects=1&types=2,1&natures=1&places=[{ci:750107}|{ci:750108}|{ci:750116}]&price=NaN/1200&enterprise=0&qsVersion=1.0&m=search_to_detail",ParisOuest,32.903225806451616
34,1100,1,37.0,"https://www.seloger.com/annonces/locations/appartement/paris-16eme-75/auteuil-sud/164492169.htm?projects=1&types=2,1&natures=1&places=[{ci:750107}|{ci:750108}|{ci:750116}]&price=NaN/1200&enterprise=0&qsVersion=1.0&m=search_to_detail",ParisOuest,29.72972972972973
35,940,1,23.85,"https://www.seloger.com/annonces/locations/appartement/paris-16eme-75/muette-sud/164492915.htm?projects=1&types=2,1&natures=1&places=[{ci:750107}|{ci:750108}|{ci:750116}]&price=NaN/1200&enterprise=0&qsVersion=1.0&m=search_to_detail",ParisOuest,39.41299790356394
36,591,1,9.56,"https://www.seloger.com/annonces/locations/appartement/paris-16eme-75/porte-dauphine/164521865.htm?projects=1&types=2,1&natures=1&places=[{ci:750107}|{ci:750108}|{ci:750116}]&price=NaN/1200&enterprise=0&qsVersion=1.0&m=search_to_detail",ParisOuest,61.82008368200837
37,936,2,29.21,"https://www.seloger.com/annonces/locations/appartement/paris-16eme-75/porte-dauphine/164543317.htm?projects=1&types=2,1&natures=1&places=[{ci:750107}|{ci:750108}|{ci:750116}]&price=NaN/1200&enterprise=0&qsVersion=1.0&m=search_to_detail",ParisOuest,32.04382060938035
38,650,1,10.0,"https://www.seloger.com/annonces/locations/appartement/paris-16eme-75/muette-nord/164547475.htm?projects=1&types=2,1&natures=1&places=[{ci:750107}|{ci:750108}|{ci:750116}]&price=NaN/1200&enterprise=0&qsVersion=1.0&m=search_to_detail",ParisOuest,65.0
39,1150,1,30.0,"https://www.seloger.com/annonces/locations/appartement/paris-16eme-75/159405813.htm?projects=1&types=2,1&natures=1&places=[{ci:750107}|{ci:750108}|{ci:750116}]&price=NaN/1200&enterprise=0&qsVersion=1.0&m=search_to_detail",ParisOuest,38.333333333333336
40,895,1,34.34,"https://www.seloger.com/annonces/locations/appartement/paris-16eme-75/auteuil-sud/162283423.htm?projects=1&types=2,1&natures=1&places=[{ci:750107}|{ci:750108}|{ci:750116}]&price=NaN/1200&enterprise=0&qsVersion=1.0&m=search_to_detail",ParisOuest,26.062900407687824
41,930,1,28.0,"https://www.seloger.com/annonces/locations/appartement/paris-16eme-75/auteuil-sud/162957115.htm?projects=1&types=2,1&natures=1&places=[{ci:750107}|{ci:750108}|{ci:750116}]&price=NaN/1200&enterprise=0&qsVersion=1.0&m=search_to_detail",ParisOuest,33.214285714285715
42,987,2,30.42,"https://www.seloger.com/annonces/locations/appartement/paris-16eme-75/muette-nord/163022275.htm?projects=1&types=2,1&natures=1&places=[{ci:750107}|{ci:750108}|{ci:750116}]&price=NaN/1200&enterprise=0&qsVersion=1.0&m=search_to_detail",ParisOuest,32.44575936883629
43,1050,1,32.0,"https://www.seloger.com/annonces/locations/appartement/paris-16eme-75/muette-nord/163171431.htm?projects=1&types=2,1&natures=1&places=[{ci:750107}|{ci:750108}|{ci:750116}]&price=NaN/1200&enterprise=0&qsVersion=1.0&m=search_to_detail",ParisOuest,32.8125
44,1000,1,24.0,"https://www.seloger.com/annonces/locations/appartement/paris-16eme-75/muette-nord/163483271.htm?projects=1&types=2,1&natures=1&places=[{ci:750107}|{ci:750108}|{ci:750116}]&price=NaN/1200&enterprise=0&qsVersion=1.0&m=search_to_detail",ParisOuest,41.666666666666664
45,600,1,12.0,"https://www.seloger.com/annonces/locations/appartement/paris-16eme-75/porte-dauphine/163558765.htm?projects=1&types=2,1&natures=1&places=[{ci:750107}|{ci:750108}|{ci:750116}]&price=NaN/1200&enterprise=0&qsVersion=1.0&m=search_to_detail",ParisOuest,50.0
46,1065,1,25.0,"https://www.seloger.com/annonces/locations/appartement/paris-7eme-75/gros-caillou/163875375.htm?projects=1&types=2,1&natures=1&places=[{ci:750107}|{ci:750108}|{ci:750116}]&price=NaN/1200&enterprise=0&qsVersion=1.0&m=search_to_detail",ParisOuest,42.6
47,584,1,16.87,"https://www.seloger.com/annonces/locations/appartement/paris-16eme-75/muette-sud/164212001.htm?projects=1&types=2,1&natures=1&places=[{ci:750107}|{ci:750108}|{ci:750116}]&price=NaN/1200&enterprise=0&qsVersion=1.0&m=search_to_detail",ParisOuest,34.61766449318316
48,1015,1,22.0,"https://www.seloger.com/annonces/locations/appartement/paris-8eme-75/elysees-madeleine/164291739.htm?projects=1&types=2,1&natures=1&places=[{ci:750107}|{ci:750108}|{ci:750116}]&price=NaN/1200&enterprise=0&qsVersion=1.0&m=search_to_detail",ParisOuest,46.13636363636363
49,708,1,14.0,"https://www.seloger.com/annonces/locations/appartement/paris-16eme-75/porte-dauphine/164301879.htm?projects=1&types=2,1&natures=1&places=[{ci:750107}|{ci:750108}|{ci:750116}]&price=NaN/1200&enterprise=0&qsVersion=1.0&m=search_to_detail",ParisOuest,50.57142857142857
50,1015,1,22.0,"https://www.seloger.com/annonces/locations/appartement/paris-8eme-75/elysees-madeleine/164291739.htm?projects=1&types=2,1&natures=1&places=[{ci:750107}|{ci:750108}|{ci:750116}]&price=NaN/1200&enterprise=0&qsVersion=1.0&m=search_to_detail",ParisOuest,46.13636363636363
51,708,1,14.0,"https://www.seloger.com/annonces/locations/appartement/paris-16eme-75/porte-dauphine/164301879.htm?projects=1&types=2,1&natures=1&places=[{ci:750107}|{ci:750108}|{ci:750116}]&price=NaN/1200&enterprise=0&qsVersion=1.0&m=search_to_detail",ParisOuest,50.57142857142857
52,1200,2,33.0,"https://www.seloger.com/annonces/locations/appartement/paris-8eme-75/elysees-madeleine/164366805.htm?projects=1&types=2,1&natures=1&places=[{ci:750107}|{ci:750108}|{ci:750116}]&price=NaN/1200&enterprise=0&qsVersion=1.0&m=search_to_detail",ParisOuest,36.36363636363637
53,1050,2,22.28,"https://www.seloger.com/annonces/locations/appartement/paris-7eme-75/ecole-militaire/140784219.htm?projects=1&types=2,1&natures=1&places=[{ci:750107}|{ci:750108}|{ci:750116}]&price=NaN/1200&enterprise=0&qsVersion=1.0&m=search_to_detail",ParisOuest,47.12746858168761
54,980,1,30.0,"https://www.seloger.com/annonces/locations/appartement/paris-16eme-75/muette-nord/160301607.htm?projects=1&types=2,1&natures=1&places=[{ci:750107}|{ci:750108}|{ci:750116}]&price=NaN/1200&enterprise=0&qsVersion=1.0&m=search_to_detail",ParisOuest,32.666666666666664
55,660,1,12.0,"https://www.seloger.com/annonces/locations/appartement/paris-16eme-75/auteuil-sud/145907769.htm?projects=1&types=2,1&natures=1&places=[{ci:750107}|{ci:750108}|{ci:750116}]&price=NaN/1200&enterprise=0&qsVersion=1.0&m=search_to_detail",ParisOuest,55.0
56,1100,2,25.0,"https://www.seloger.com/annonces/locations/appartement/paris-8eme-75/europe/149448293.htm?projects=1&types=2,1&natures=1&places=[{ci:750107}|{ci:750108}|{ci:750116}]&price=NaN/1200&enterprise=0&qsVersion=1.0&m=search_to_detail",ParisOuest,44.0
57,1160,1,25.0,"https://www.seloger.com/annonces/locations/appartement/paris-16eme-75/muette-nord/153481899.htm?projects=1&types=2,1&natures=1&places=[{ci:750107}|{ci:750108}|{ci:750116}]&price=NaN/1200&enterprise=0&qsVersion=1.0&m=search_to_detail",ParisOuest,46.4
58,1100,1,30.56,"https://www.seloger.com/annonces/locations/appartement/paris-8eme-75/parc-monceau/155581751.htm?projects=1&types=2,1&natures=1&places=[{ci:750107}|{ci:750108}|{ci:750116}]&price=NaN/1200&enterprise=0&qsVersion=1.0&m=search_to_detail",ParisOuest,35.99476439790576
59,1050,1,20.0,"https://www.seloger.com/annonces/locations/appartement/paris-7eme-75/invalides/155906913.htm?projects=1&types=2,1&natures=1&places=[{ci:750107}|{ci:750108}|{ci:750116}]&price=NaN/1200&enterprise=0&qsVersion=1.0&m=search_to_detail",ParisOuest,52.5
60,1060,1,18.0,"https://www.seloger.com/annonces/locations/appartement/paris-16eme-75/porte-dauphine/159250957.htm?projects=1&types=2,1&natures=1&places=[{ci:750107}|{ci:750108}|{ci:750116}]&price=NaN/1200&enterprise=0&qsVersion=1.0&m=search_to_detail",ParisOuest,58.888888888888886
61,1050,1,23.12,"https://www.seloger.com/annonces/locations/appartement/paris-16eme-75/chaillot/163316517.htm?projects=1&types=2,1&natures=1&places=[{ci:750107}|{ci:750108}|{ci:750116}]&price=NaN/1200&enterprise=0&qsVersion=1.0&m=search_to_detail",ParisOuest,45.41522491349481
62,1160,1,29.19,"https://www.seloger.com/annonces/locations/appartement/paris-16eme-75/auteuil-nord/163319629.htm?projects=1&types=2,1&natures=1&places=[{ci:750107}|{ci:750108}|{ci:750116}]&price=NaN/1200&enterprise=0&qsVersion=1.0&m=search_to_detail",ParisOuest,39.73963686193902
63,690,1,12.0,"https://www.seloger.com/annonces/locations/appartement/paris-8eme-75/hoche-friedland/163721999.htm?projects=1&types=2,1&natures=1&places=[{ci:750107}|{ci:750108}|{ci:750116}]&price=NaN/1200&enterprise=0&qsVersion=1.0&m=search_to_detail",ParisOuest,57.5
64,970,1,35.0,"https://www.seloger.com/annonces/locations/appartement/paris-16eme-75/auteuil-sud/163841809.htm?projects=1&types=2,1&natures=1&places=[{ci:750107}|{ci:750108}|{ci:750116}]&price=NaN/1200&enterprise=0&qsVersion=1.0&m=search_to_detail",ParisOuest,27.714285714285715
65,905,1,24.0,"https://www.seloger.com/annonces/locations/appartement/paris-7eme-75/saint-thomas-d-aquin/164240609.htm?projects=1&types=2,1&natures=1&places=[{ci:750107}|{ci:750108}|{ci:750116}]&price=NaN/1200&enterprise=0&qsVersion=1.0&m=search_to_detail",ParisOuest,37.708333333333336
66,1050,1,21.55,"https://www.seloger.com/annonces/locations/appartement/paris-16eme-75/auteuil-sud/164270135.htm?projects=1&types=2,1&natures=1&places=[{ci:750107}|{ci:750108}|{ci:750116}]&price=NaN/1200&enterprise=0&qsVersion=1.0&m=search_to_detail",ParisOuest,48.72389791183294
67,1000,1,22.0,"https://www.seloger.com/annonces/locations/appartement/paris-16eme-75/auteuil-nord/163058985.htm?projects=1&types=2,1&natures=1&places=[{ci:750107}|{ci:750108}|{ci:750116}]&price=NaN/1200&enterprise=0&qsVersion=1.0&m=search_to_detail",ParisOuest,45.45454545454545
68,1154,2,31.25,"https://www.seloger.com/annonces/locations/appartement/paris-16eme-75/auteuil-sud/163274865.htm?projects=1&types=2,1&natures=1&places=[{ci:750107}|{ci:750108}|{ci:750116}]&price=NaN/1200&enterprise=0&qsVersion=1.0&m=search_to_detail",ParisOuest,36.928
69,580,1,15.04,"https://www.seloger.com/annonces/locations/appartement/paris-16eme-75/chaillot/163343297.htm?projects=1&types=2,1&natures=1&places=[{ci:750107}|{ci:750108}|{ci:750116}]&price=NaN/1200&enterprise=0&qsVersion=1.0&m=search_to_detail",ParisOuest,38.56382978723404
70,800,1,12.0,"https://www.seloger.com/annonces/locations/appartement/paris-16eme-75/163417267.htm?projects=1&types=2,1&natures=1&places=[{ci:750107}|{ci:750108}|{ci:750116}]&price=NaN/1200&enterprise=0&qsVersion=1.0&m=search_to_detail",ParisOuest,66.66666666666667
71,1186,2,34.0,"https://www.seloger.com/annonces/locations/appartement/paris-7eme-75/ecole-militaire/163572221.htm?projects=1&types=2,1&natures=1&places=[{ci:750107}|{ci:750108}|{ci:750116}]&price=NaN/1200&enterprise=0&qsVersion=1.0&m=search_to_detail",ParisOuest,34.88235294117647
72,770,1,18.0,"https://www.seloger.com/annonces/locations/appartement/paris-8eme-75/saint-philippe-du-roule/163594221.htm?projects=1&types=2,1&natures=1&places=[{ci:750107}|{ci:750108}|{ci:750116}]&price=NaN/1200&enterprise=0&qsVersion=1.0&m=search_to_detail",ParisOuest,42.77777777777778
73,1200,2,25.09,"https://www.seloger.com/annonces/locations/appartement/paris-16eme-75/porte-dauphine/164018811.htm?projects=1&types=2,1&natures=1&places=[{ci:750107}|{ci:750108}|{ci:750116}]&price=NaN/1200&enterprise=0&qsVersion=1.0&m=search_to_detail",ParisOuest,47.82781984854524
74,1185,1,16.0,"https://www.seloger.com/annonces/locations/appartement/paris-7eme-75/gros-caillou/164109617.htm?projects=1&types=2,1&natures=1&places=[{ci:750107}|{ci:750108}|{ci:750116}]&price=NaN/1200&enterprise=0&qsVersion=1.0&m=search_to_detail",ParisOuest,74.0625
75,1050,1,21.55,"https://www.seloger.com/annonces/locations/appartement/paris-16eme-75/auteuil-sud/164270135.htm?projects=1&types=2,1&natures=1&places=[{ci:750107}|{ci:750108}|{ci:750116}]&price=NaN/1200&enterprise=0&qsVersion=1.0&m=search_to_detail",ParisOuest,48.72389791183294
76,990,1,16.0,"https://www.seloger.com/annonces/locations/appartement/paris-16eme-75/auteuil-nord/164343265.htm?projects=1&types=2,1&natures=1&places=[{ci:750107}|{ci:750108}|{ci:750116}]&price=NaN/1200&enterprise=0&qsVersion=1.0&m=search_to_detail",ParisOuest,61.875
77,612,1,14.93,"https://www.seloger.com/annonces/locations/appartement/paris-7eme-75/gros-caillou/164424361.htm?projects=1&types=2,1&natures=1&places=[{ci:750107}|{ci:750108}|{ci:750116}]&price=NaN/1200&enterprise=0&qsVersion=1.0&m=search_to_detail",ParisOuest,40.99129269926323
78,872,3,65.0,"https://www.seloger.com/annonces/locations/appartement/paris-16eme-75/auteuil-sud/164447999.htm?projects=1&types=2,1&natures=1&places=[{ci:750107}|{ci:750108}|{ci:750116}]&price=NaN/1200&enterprise=0&qsVersion=1.0&m=search_to_detail",ParisOuest,13.415384615384616
79,735,1,18.65,"https://www.seloger.com/annonces/locations/appartement/paris-7eme-75/gros-caillou/163828807.htm?projects=1&types=2,1&natures=1&places=[{ci:750107}|{ci:750108}|{ci:750116}]&price=NaN/1200&enterprise=0&qsVersion=1.0&m=search_to_detail",ParisOuest,39.41018766756032
80,1070,1,31.0,"https://www.seloger.com/annonces/locations/appartement/paris-16eme-75/auteuil-nord/163883909.htm?projects=1&types=2,1&natures=1&places=[{ci:750107}|{ci:750108}|{ci:750116}]&price=NaN/1200&enterprise=0&qsVersion=1.0&m=search_to_detail",ParisOuest,34.516129032258064
81,1100,2,27.35,"https://www.seloger.com/annonces/locations/appartement/paris-8eme-75/mairie/163942297.htm?projects=1&types=2,1&natures=1&places=[{ci:750107}|{ci:750108}|{ci:750116}]&price=NaN/1200&enterprise=0&qsVersion=1.0&m=search_to_detail",ParisOuest,40.21937842778793
82,1150,1,23.0,"https://www.seloger.com/annonces/locations/appartement/paris-7eme-75/gros-caillou/164487423.htm?projects=1&types=2,1&natures=1&places=[{ci:750107}|{ci:750108}|{ci:750116}]&price=NaN/1200&enterprise=0&qsVersion=1.0&m=search_to_detail",ParisOuest,50.0
83,1120,2,32.59,"https://www.seloger.com/annonces/locations/appartement/paris-16eme-75/auteuil-nord/162489561.htm?projects=1&types=2,1&natures=1&places=[{ci:750107}|{ci:750108}|{ci:750116}]&price=NaN/1200&enterprise=0&qsVersion=1.0&m=search_to_detail",ParisOuest,34.366370052163234
84,1200,1,28.0,"https://www.seloger.com/annonces/locations/appartement/paris-16eme-75/auteuil-sud/163015013.htm?projects=1&types=2,1&natures=1&places=[{ci:750107}|{ci:750108}|{ci:750116}]&price=NaN/1200&enterprise=0&qsVersion=1.0&m=search_to_detail",ParisOuest,42.857142857142854
85,995,1,27.36,"https://www.seloger.com/annonces/locations/appartement/paris-16eme-75/muette-sud/163503353.htm?projects=1&types=2,1&natures=1&places=[{ci:750107}|{ci:750108}|{ci:750116}]&price=NaN/1200&enterprise=0&qsVersion=1.0&m=search_to_detail",ParisOuest,36.36695906432749
86,1000,1,18.8,"https://www.seloger.com/annonces/locations/appartement/paris-16eme-75/muette-nord/163731919.htm?projects=1&types=2,1&natures=1&places=[{ci:750107}|{ci:750108}|{ci:750116}]&price=NaN/1200&enterprise=0&qsVersion=1.0&m=search_to_detail",ParisOuest,53.191489361702125
87,590,1,9.0,"https://www.seloger.com/annonces/locations/appartement/paris-16eme-75/muette-nord/164029167.htm?projects=1&types=2,1&natures=1&places=[{ci:750107}|{ci:750108}|{ci:750116}]&price=NaN/1200&enterprise=0&qsVersion=1.0&m=search_to_detail",ParisOuest,65.55555555555556
88,1190,1,27.0,"https://www.seloger.com/annonces/locations/appartement/paris-7eme-75/gros-caillou/164077931.htm?projects=1&types=2,1&natures=1&places=[{ci:750107}|{ci:750108}|{ci:750116}]&price=NaN/1200&enterprise=0&qsVersion=1.0&m=search_to_detail",ParisOuest,44.074074074074076
89,1200,1,42.0,"https://www.seloger.com/annonces/locations/appartement/paris-16eme-75/auteuil-nord/164504649.htm?projects=1&types=2,1&natures=1&places=[{ci:750107}|{ci:750108}|{ci:750116}]&price=NaN/1200&enterprise=0&qsVersion=1.0&m=search_to_detail",ParisOuest,28.571428571428573
90,960,2,18.0,"https://www.seloger.com/annonces/locations/appartement/paris-8eme-75/elysees-madeleine/164366739.htm?projects=1&types=2,1&natures=1&places=[{ci:750107}|{ci:750108}|{ci:750116}]&price=NaN/1200&enterprise=0&qsVersion=1.0&m=search_to_detail",ParisOuest,53.333333333333336
91,790,2,19.35,"https://www.seloger.com/annonces/locations/appartement/paris-16eme-75/muette-nord/164445635.htm?projects=1&types=2,1&natures=1&places=[{ci:750107}|{ci:750108}|{ci:750116}]&price=NaN/1200&enterprise=0&qsVersion=1.0&m=search_to_detail",ParisOuest,40.82687338501292
92,1069,1,40.15,"https://www.seloger.com/annonces/locations/appartement/paris-16eme-75/164472245.htm?projects=1&types=2,1&natures=1&places=[{ci:750107}|{ci:750108}|{ci:750116}]&price=NaN/1200&enterprise=0&qsVersion=1.0&m=search_to_detail",ParisOuest,26.62515566625156
93,1110,1,25.0,"https://www.seloger.com/annonces/locations/appartement/paris-7eme-75/gros-caillou/154716183.htm?projects=1&types=2,1&natures=1&places=[{ci:750107}|{ci:750108}|{ci:750116}]&price=NaN/1200&enterprise=0&qsVersion=1.0&m=search_to_detail",ParisOuest,44.4
94,945,1,28.0,"https://www.seloger.com/annonces/locations/appartement/paris-7eme-75/saint-thomas-d-aquin/155500557.htm?projects=1&types=2,1&natures=1&places=[{ci:750107}|{ci:750108}|{ci:750116}]&price=NaN/1200&enterprise=0&qsVersion=1.0&m=search_to_detail",ParisOuest,33.75
95,974,1,22.0,"https://www.seloger.com/annonces/locations/appartement/paris-16eme-75/chaillot/159009849.htm?projects=1&types=2,1&natures=1&places=[{ci:750107}|{ci:750108}|{ci:750116}]&price=NaN/1200&enterprise=0&qsVersion=1.0&m=search_to_detail",ParisOuest,44.27272727272727
96,855,1,16.0,"https://www.seloger.com/annonces/locations/appartement/paris-7eme-75/gros-caillou/149448245.htm?projects=1&types=2,1&natures=1&places=[{ci:750107}|{ci:750108}|{ci:750116}]&price=NaN/1200&enterprise=0&qsVersion=1.0&m=search_to_detail",ParisOuest,53.4375
97,1100,2,33.97,"https://www.seloger.com/annonces/locations/appartement/paris-16eme-75/porte-dauphine/161516595.htm?projects=1&types=2,1&natures=1&places=[{ci:750107}|{ci:750108}|{ci:750116}]&price=NaN/1200&enterprise=0&qsVersion=1.0&m=search_to_detail",ParisOuest,32.381513099793935
98,800,1,20.0,"https://www.seloger.com/annonces/locations/appartement/paris-16eme-75/chaillot/162520663.htm?projects=1&types=2,1&natures=1&places=[{ci:750107}|{ci:750108}|{ci:750116}]&price=NaN/1200&enterprise=0&qsVersion=1.0&m=search_to_detail",ParisOuest,40.0
99,1031,1,29.0,"https://www.seloger.com/annonces/locations/appartement/paris-8eme-75/hoche-friedland/162555545.htm?projects=1&types=2,1&natures=1&places=[{ci:750107}|{ci:750108}|{ci:750116}]&price=NaN/1200&enterprise=0&qsVersion=1.0&m=search_to_detail",ParisOuest,35.55172413793103
100,850,1,23.94,"https://www.seloger.com/annonces/locations/appartement/paris-16eme-75/porte-dauphine/164115967.htm?projects=1&types=2,1&natures=1&places=[{ci:750107}|{ci:750108}|{ci:750116}]&price=NaN/1200&enterprise=0&qsVersion=1.0&m=search_to_detail",ParisOuest,35.50543024227235
101,1195,2,38.61,"https://www.seloger.com/annonces/locations/appartement/paris-7eme-75/164149709.htm?projects=1&types=2,1&natures=1&places=[{ci:750107}|{ci:750108}|{ci:750116}]&price=NaN/1200&enterprise=0&qsVersion=1.0&m=search_to_detail",ParisOuest,30.95053095053095
102,1050,1,15.0,"https://www.seloger.com/annonces/locations/appartement/paris-7eme-75/gros-caillou/164154843.htm?projects=1&types=2,1&natures=1&places=[{ci:750107}|{ci:750108}|{ci:750116}]&price=NaN/1200&enterprise=0&qsVersion=1.0&m=search_to_detail",ParisOuest,70.0
103,1100,2,35.0,"https://www.seloger.com/annonces/locations/appartement/paris-8eme-75/saint-philippe-du-roule/164233493.htm?projects=1&types=2,1&natures=1&places=[{ci:750107}|{ci:750108}|{ci:750116}]&price=NaN/1200&enterprise=0&qsVersion=1.0&m=search_to_detail",ParisOuest,31.428571428571427
104,1175,1,34.0,"https://www.seloger.com/annonces/locations/appartement/paris-8eme-75/europe/164241477.htm?projects=1&types=2,1&natures=1&places=[{ci:750107}|{ci:750108}|{ci:750116}]&price=NaN/1200&enterprise=0&qsVersion=1.0&m=search_to_detail",ParisOuest,34.55882352941177
105,1070,1,31.0,"https://www.seloger.com/annonces/locations/appartement/paris-16eme-75/auteuil-nord/164278109.htm?projects=1&types=2,1&natures=1&places=[{ci:750107}|{ci:750108}|{ci:750116}]&price=NaN/1200&enterprise=0&qsVersion=1.0&m=search_to_detail",ParisOuest,34.516129032258064
106,720,1,11.0,"https://www.seloger.com/annonces/locations/appartement/paris-8eme-75/mairie/164317397.htm?projects=1&types=2,1&natures=1&places=[{ci:750107}|{ci:750108}|{ci:750116}]&price=NaN/1200&enterprise=0&qsVersion=1.0&m=search_to_detail",ParisOuest,65.45454545454545
107,860,1,18.0,"https://www.seloger.com/annonces/locations/appartement/paris-8eme-75/parc-monceau/164343267.htm?projects=1&types=2,1&natures=1&places=[{ci:750107}|{ci:750108}|{ci:750116}]&price=NaN/1200&enterprise=0&qsVersion=1.0&m=search_to_detail",ParisOuest,47.77777777777778
108,802,1,21.15,"https://www.seloger.com/annonces/locations/appartement/paris-7eme-75/saint-thomas-d-aquin/164348271.htm?projects=1&types=2,1&natures=1&places=[{ci:750107}|{ci:750108}|{ci:750116}]&price=NaN/1200&enterprise=0&qsVersion=1.0&m=search_to_detail",ParisOuest,37.91962174940899
109,525,1,11.21,"https://www.seloger.com/annonces/locations/appartement/paris-8eme-75/hoche-friedland/164391055.htm?projects=1&types=2,1&natures=1&places=[{ci:750107}|{ci:750108}|{ci:750116}]&price=NaN/1200&enterprise=0&qsVersion=1.0&m=search_to_detail",ParisOuest,46.83318465655664
110,1000,1,24.0,"https://www.seloger.com/annonces/locations/appartement/paris-7eme-75/saint-thomas-d-aquin/164392863.htm?projects=1&types=2,1&natures=1&places=[{ci:750107}|{ci:750108}|{ci:750116}]&price=NaN/1200&enterprise=0&qsVersion=1.0&m=search_to_detail",ParisOuest,41.666666666666664
111,800,1,20.0,"https://www.seloger.com/annonces/locations/appartement/paris-16eme-75/chaillot/162520663.htm?projects=1&types=2,1&natures=1&places=[{ci:750107}|{ci:750108}|{ci:750116}]&price=NaN/1200&enterprise=0&qsVersion=1.0&m=search_to_detail",ParisOuest,40.0
112,1031,1,29.0,"https://www.seloger.com/annonces/locations/appartement/paris-8eme-75/hoche-friedland/162555545.htm?projects=1&types=2,1&natures=1&places=[{ci:750107}|{ci:750108}|{ci:750116}]&price=NaN/1200&enterprise=0&qsVersion=1.0&m=search_to_detail",ParisOuest,35.55172413793103
113,890,1,24.07,"https://www.seloger.com/annonces/locations/appartement/paris-8eme-75/hoche-friedland/162884229.htm?projects=1&types=2,1&natures=1&places=[{ci:750107}|{ci:750108}|{ci:750116}]&price=NaN/1200&enterprise=0&qsVersion=1.0&m=search_to_detail",ParisOuest,36.97548815953469
114,1000,1,15.46,"https://www.seloger.com/annonces/locations/appartement/paris-7eme-75/saint-thomas-d-aquin/163318097.htm?projects=1&types=2,1&natures=1&places=[{ci:750107}|{ci:750108}|{ci:750116}]&price=NaN/1200&enterprise=0&qsVersion=1.0&m=search_to_detail",ParisOuest,64.68305304010349
115,860,1,19.54,"https://www.seloger.com/annonces/locations/appartement/paris-7eme-75/gros-caillou/163703045.htm?projects=1&types=2,1&natures=1&places=[{ci:750107}|{ci:750108}|{ci:750116}]&price=NaN/1200&enterprise=0&qsVersion=1.0&m=search_to_detail",ParisOuest,44.01228249744115
116,834,1,22.7,"https://www.seloger.com/annonces/locations/appartement/paris-7eme-75/invalides/163713915.htm?projects=1&types=2,1&natures=1&places=[{ci:750107}|{ci:750108}|{ci:750116}]&price=NaN/1200&enterprise=0&qsVersion=1.0&m=search_to_detail",ParisOuest,36.740088105726876
117,1018,1,29.34,"https://www.seloger.com/annonces/locations/appartement/paris-16eme-75/auteuil-nord/163718773.htm?projects=1&types=2,1&natures=1&places=[{ci:750107}|{ci:750108}|{ci:750116}]&price=NaN/1200&enterprise=0&qsVersion=1.0&m=search_to_detail",ParisOuest,34.69665985003408
118,1200,1,17.0,"https://www.seloger.com/annonces/locations/appartement/paris-16eme-75/163747589.htm?projects=1&types=2,1&natures=1&places=[{ci:750107}|{ci:750108}|{ci:750116}]&price=NaN/1200&enterprise=0&qsVersion=1.0&m=search_to_detail",ParisOuest,70.58823529411765
119,510,1,12.96,"https://www.seloger.com/annonces/locations/appartement/paris-8eme-75/mairie/163800497.htm?projects=1&types=2,1&natures=1&places=[{ci:750107}|{ci:750108}|{ci:750116}]&price=NaN/1200&enterprise=0&qsVersion=1.0&m=search_to_detail",ParisOuest,39.35185185185185
120,1179,1,23.0,"https://www.seloger.com/annonces/locations/appartement/paris-7eme-75/gros-caillou/164424335.htm?projects=1&types=2,1&natures=1&places=[{ci:750107}|{ci:750108}|{ci:750116}]&price=NaN/1200&enterprise=0&qsVersion=1.0&m=search_to_detail",ParisOuest,51.26086956521739
121,1050,1,25.0,"https://www.seloger.com/annonces/locations/appartement/paris-7eme-75/gros-caillou/164485527.htm?projects=1&types=2,1&natures=1&places=[{ci:750107}|{ci:750108}|{ci:750116}]&price=NaN/1200&enterprise=0&qsVersion=1.0&m=search_to_detail",ParisOuest,42.0
122,890,1,14.0,"https://www.seloger.com/annonces/locations/appartement/paris-16eme-75/chaillot/155326749.htm?projects=1&types=2,1&natures=1&places=[{ci:750107}|{ci:750108}|{ci:750116}]&price=NaN/1200&enterprise=0&qsVersion=1.0&m=search_to_detail",ParisOuest,63.57142857142857
123,945,1,17.0,"https://www.seloger.com/annonces/locations/appartement/paris-7eme-75/gros-caillou/159570449.htm?projects=1&types=2,1&natures=1&places=[{ci:750107}|{ci:750108}|{ci:750116}]&price=NaN/1200&enterprise=0&qsVersion=1.0&m=search_to_detail",ParisOuest,55.588235294117645
124,645,1,14.12,"https://www.seloger.com/annonces/locations/appartement/paris-16eme-75/chaillot/164087093.htm?projects=1&types=2,1&natures=1&places=[{ci:750107}|{ci:750108}|{ci:750116}]&price=NaN/1200&enterprise=0&qsVersion=1.0&m=search_to_detail",ParisOuest,45.67988668555241
125,938,1,28.87,"https://www.seloger.com/annonces/locations/appartement/paris-16eme-75/auteuil-nord/164168439.htm?projects=1&types=2,1&natures=1&places=[{ci:750107}|{ci:750108}|{ci:750116}]&price=NaN/1200&enterprise=0&qsVersion=1.0&m=search_to_detail",ParisOuest,32.49047454104607
126,1018,1,29.34,"https://www.seloger.com/annonces/locations/appartement/paris-16eme-75/auteuil-nord/158791211.htm?projects=1&types=2,1&natures=1&places=[{ci:750107}|{ci:750108}|{ci:750116}]&price=NaN/1200&enterprise=0&qsVersion=1.0&m=search_to_detail",ParisOuest,34.69665985003408
127,1100,1,23.0,"https://www.seloger.com/annonces/locations/appartement/paris-7eme-75/159327027.htm?projects=1&types=2,1&natures=1&places=[{ci:750107}|{ci:750108}|{ci:750116}]&price=NaN/1200&enterprise=0&qsVersion=1.0&m=search_to_detail",ParisOuest,47.82608695652174
128,1080,1,26.0,"https://www.seloger.com/annonces/locations/appartement/paris-8eme-75/saint-philippe-du-roule/159980213.htm?projects=1&types=2,1&natures=1&places=[{ci:750107}|{ci:750108}|{ci:750116}]&price=NaN/1200&enterprise=0&qsVersion=1.0&m=search_to_detail",ParisOuest,41.53846153846154
129,950,1,17.0,"https://www.seloger.com/annonces/locations/appartement/paris-8eme-75/saint-philippe-du-roule/161271807.htm?projects=1&types=2,1&natures=1&places=[{ci:750107}|{ci:750108}|{ci:750116}]&price=NaN/1200&enterprise=0&qsVersion=1.0&m=search_to_detail",ParisOuest,55.88235294117647
130,1077,1,41.0,"https://www.seloger.com/annonces/locations/appartement/paris-16eme-75/porte-dauphine/161936565.htm?projects=1&types=2,1&natures=1&places=[{ci:750107}|{ci:750108}|{ci:750116}]&price=NaN/1200&enterprise=0&qsVersion=1.0&m=search_to_detail",ParisOuest,26.26829268292683
131,1145,1,33.59,"https://www.seloger.com/annonces/locations/appartement/paris-8eme-75/elysees-madeleine/161950959.htm?projects=1&types=2,1&natures=1&places=[{ci:750107}|{ci:750108}|{ci:750116}]&price=NaN/1200&enterprise=0&qsVersion=1.0&m=search_to_detail",ParisOuest,34.087526049419466
132,1200,2,32.0,"https://www.seloger.com/annonces/locations/appartement/paris-16eme-75/bois-de-boulogne/162498493.htm?projects=1&types=2,1&natures=1&places=[{ci:750107}|{ci:750108}|{ci:750116}]&price=NaN/1200&enterprise=0&qsVersion=1.0&m=search_to_detail",ParisOuest,37.5
133,750,1,16.0,"https://www.seloger.com/annonces/locations/appartement/paris-8eme-75/saint-philippe-du-roule/162952299.htm?projects=1&types=2,1&natures=1&places=[{ci:750107}|{ci:750108}|{ci:750116}]&price=NaN/1200&enterprise=0&qsVersion=1.0&m=search_to_detail",ParisOuest,46.875
134,922,1,27.0,"https://www.seloger.com/annonces/locations/appartement/paris-16eme-75/muette-nord/163365523.htm?projects=1&types=2,1&natures=1&places=[{ci:750107}|{ci:750108}|{ci:750116}]&price=NaN/1200&enterprise=0&qsVersion=1.0&m=search_to_detail",ParisOuest,34.148148148148145
135,1050,1,30.0,"https://www.seloger.com/annonces/locations/appartement/paris-16eme-75/muette-nord/163883043.htm?projects=1&types=2,1&natures=1&places=[{ci:750107}|{ci:750108}|{ci:750116}]&price=NaN/1200&enterprise=0&qsVersion=1.0&m=search_to_detail",ParisOuest,35.0
136,615,1,12.0,"https://www.seloger.com/annonces/locations/appartement/paris-7eme-75/ecole-militaire/163925851.htm?projects=1&types=2,1&natures=1&places=[{ci:750107}|{ci:750108}|{ci:750116}]&price=NaN/1200&enterprise=0&qsVersion=1.0&m=search_to_detail",ParisOuest,51.25
137,1200,1,30.0,"https://www.seloger.com/annonces/locations/appartement/paris-16eme-75/chaillot/164499619.htm?projects=1&types=2,1&natures=1&places=[{ci:750107}|{ci:750108}|{ci:750116}]&price=NaN/1200&enterprise=0&qsVersion=1.0&m=search_to_detail",ParisOuest,40.0
138,970,1,32.35,"https://www.seloger.com/annonces/locations/appartement/paris-16eme-75/porte-dauphine/164500837.htm?projects=1&types=2,1&natures=1&places=[{ci:750107}|{ci:750108}|{ci:750116}]&price=NaN/1200&enterprise=0&qsVersion=1.0&m=search_to_detail",ParisOuest,29.98454404945904
139,1060,1,23.0,"https://www.seloger.com/annonces/locations/appartement/paris-7eme-75/gros-caillou/164441845.htm?projects=1&types=2,1&natures=1&places=[{ci:750107}|{ci:750108}|{ci:750116}]&price=NaN/1200&enterprise=0&qsVersion=1.0&m=search_to_detail",ParisOuest,46.08695652173913
140,950,1,40.0,"https://www.seloger.com/annonces/locations/appartement/paris-8eme-75/saint-philippe-du-roule/164512243.htm?projects=1&types=2,1&natures=1&places=[{ci:750107}|{ci:750108}|{ci:750116}]&price=NaN/1200&enterprise=0&qsVersion=1.0&m=search_to_detail",ParisOuest,23.75
141,470,1,10.01,"https://www.seloger.com/annonces/locations/appartement/paris-7eme-75/gros-caillou/164539295.htm?projects=1&types=2,1&natures=1&places=[{ci:750107}|{ci:750108}|{ci:750116}]&price=NaN/1200&enterprise=0&qsVersion=1.0&m=search_to_detail",ParisOuest,46.95304695304696
142,1180,1,25.0,"https://www.seloger.com/annonces/locations/appartement/paris-16eme-75/chaillot/111642703.htm?projects=1&types=2,1&natures=1&places=[{ci:750107}|{ci:750108}|{ci:750116}]&price=NaN/1200&enterprise=0&qsVersion=1.0&m=search_to_detail",ParisOuest,47.2
143,1200,1,15.0,"https://www.seloger.com/annonces/locations/appartement/paris-8eme-75/saint-philippe-du-roule/162812577.htm?projects=1&types=2,1&natures=1&places=[{ci:750107}|{ci:750108}|{ci:750116}]&price=NaN/1200&enterprise=0&qsVersion=1.0&m=search_to_detail",ParisOuest,80.0
144,1050,1,21.0,"https://www.seloger.com/annonces/locations/appartement/paris-7eme-75/saint-thomas-d-aquin/163565563.htm?projects=1&types=2,1&natures=1&places=[{ci:750107}|{ci:750108}|{ci:750116}]&price=NaN/1200&enterprise=0&qsVersion=1.0&m=search_to_detail",ParisOuest,50.0
145,990,1,18.0,"https://www.seloger.com/annonces/locations/appartement/paris-16eme-75/porte-dauphine/163451755.htm?projects=1&types=2,1&natures=1&places=[{ci:750107}|{ci:750108}|{ci:750116}]&price=NaN/1200&enterprise=0&qsVersion=1.0&m=search_to_detail",ParisOuest,55.0
146,600,1,11.0,"https://www.seloger.com/annonces/locations/appartement/paris-16eme-75/porte-dauphine/161760901.htm?projects=1&types=2,1&natures=1&places=[{ci:750107}|{ci:750108}|{ci:750116}]&price=NaN/1200&enterprise=0&qsVersion=1.0&m=search_to_detail",ParisOuest,54.54545454545455
147,860,1,18.0,"https://www.seloger.com/annonces/locations/appartement/paris-7eme-75/saint-thomas-d-aquin/164050543.htm?projects=1&types=2,1&natures=1&places=[{ci:750107}|{ci:750108}|{ci:750116}]&price=NaN/1200&enterprise=0&qsVersion=1.0&m=search_to_detail",ParisOuest,47.77777777777778
148,990,1,21.0,"https://www.seloger.com/annonces/locations/appartement/paris-7eme-75/gros-caillou/164420417.htm?projects=1&types=2,1&natures=1&places=[{ci:750107}|{ci:750108}|{ci:750116}]&price=NaN/1200&enterprise=0&qsVersion=1.0&m=search_to_detail",ParisOuest,47.142857142857146
149,990,1,22.0,"https://www.seloger.com/annonces/locations/appartement/paris-16eme-75/chaillot/163932701.htm?projects=1&types=2,1&natures=1&places=[{ci:750107}|{ci:750108}|{ci:750116}]&price=NaN/1200&enterprise=0&qsVersion=1.0&m=search_to_detail",ParisOuest,45.0
150,1000,1,24.0,"https://www.seloger.com/annonces/locations/appartement/paris-16eme-75/auteuil-nord/163976547.htm?projects=1&types=2,1&natures=1&places=[{ci:750107}|{ci:750108}|{ci:750116}]&price=NaN/1200&enterprise=0&qsVersion=1.0&m=search_to_detail",ParisOuest,41.666666666666664
151,1200,2,21.0,"https://www.seloger.com/annonces/locations/appartement/paris-7eme-75/gros-caillou/164241021.htm?projects=1&types=2,1&natures=1&places=[{ci:750107}|{ci:750108}|{ci:750116}]&price=NaN/1200&enterprise=0&qsVersion=1.0&m=search_to_detail",ParisOuest,57.142857142857146
152,1100,1,25.0,"https://www.seloger.com/annonces/locations/appartement/paris-16eme-75/porte-dauphine/163535505.htm?projects=1&types=2,1&natures=1&places=[{ci:750107}|{ci:750108}|{ci:750116}]&price=NaN/1200&enterprise=0&qsVersion=1.0&m=search_to_detail",ParisOuest,44.0
153,877,1,23.06,"https://www.seloger.com/annonces/locations/appartement/paris-16eme-75/auteuil-nord/163018135.htm?projects=1&types=2,1&natures=1&places=[{ci:750107}|{ci:750108}|{ci:750116}]&price=NaN/1200&enterprise=0&qsVersion=1.0&m=search_to_detail",ParisOuest,38.03122289679098
154,690,1,16.0,"https://www.seloger.com/annonces/locations/appartement/paris-16eme-75/muette-sud/164465993.htm?projects=1&types=2,1&natures=1&places=[{ci:750107}|{ci:750108}|{ci:750116}]&price=NaN/1200&enterprise=0&qsVersion=1.0&m=search_to_detail",ParisOuest,43.125
155,1185,1,22.0,"https://www.seloger.com/annonces/locations/appartement/paris-7eme-75/gros-caillou/162952503.htm?projects=1&types=2,1&natures=1&places=[{ci:750107}|{ci:750108}|{ci:750116}]&price=NaN/1200&enterprise=0&qsVersion=1.0&m=search_to_detail",ParisOuest,53.86363636363637
156,1200,1,19.0,"https://www.seloger.com/annonces/locations/appartement/paris-7eme-75/invalides/164436723.htm?projects=1&types=2,1&natures=1&places=[{ci:750107}|{ci:750108}|{ci:750116}]&price=NaN/1200&enterprise=0&qsVersion=1.0&m=search_to_detail",ParisOuest,63.1578947368421
157,900,1,16.0,"https://www.seloger.com/annonces/locations/appartement/paris-16eme-75/muette-nord/163510253.htm?projects=1&types=2,1&natures=1&places=[{ci:750107}|{ci:750108}|{ci:750116}]&price=NaN/1200&enterprise=0&qsVersion=1.0&m=search_to_detail",ParisOuest,56.25
158,1150,1,21.0,"https://www.seloger.com/annonces/locations/appartement/paris-16eme-75/porte-dauphine/164023659.htm?projects=1&types=2,1&natures=1&places=[{ci:750107}|{ci:750108}|{ci:750116}]&price=NaN/1200&enterprise=0&qsVersion=1.0&m=search_to_detail",ParisOuest,54.76190476190476
159,1040,1,22.0,"https://www.seloger.com/annonces/locations/appartement/paris-7eme-75/invalides/164188587.htm?projects=1&types=2,1&natures=1&places=[{ci:750107}|{ci:750108}|{ci:750116}]&price=NaN/1200&enterprise=0&qsVersion=1.0&m=search_to_detail",ParisOuest,47.27272727272727
160,1195,1,29.0,"https://www.seloger.com/annonces/locations/appartement/paris-16eme-75/auteuil-nord/163114067.htm?projects=1&types=2,1&natures=1&places=[{ci:750107}|{ci:750108}|{ci:750116}]&price=NaN/1200&enterprise=0&qsVersion=1.0&m=search_to_detail",ParisOuest,41.206896551724135
161,875,1,18.0,"https://www.seloger.com/annonces/locations/appartement/paris-16eme-75/porte-dauphine/163486289.htm?projects=1&types=2,1&natures=1&places=[{ci:750107}|{ci:750108}|{ci:750116}]&price=NaN/1200&enterprise=0&qsVersion=1.0&m=search_to_detail",ParisOuest,48.611111111111114
162,870,1,12.0,"https://www.seloger.com/annonces/locations/appartement/paris-16eme-75/muette-sud/162428671.htm?projects=1&types=2,1&natures=1&places=[{ci:750107}|{ci:750108}|{ci:750116}]&price=NaN/1200&enterprise=0&qsVersion=1.0&m=search_to_detail",ParisOuest,72.5
163,700,1,18.0,"https://www.seloger.com/annonces/locations/appartement/paris-7eme-75/gros-caillou/164422807.htm?projects=1&types=2,1&natures=1&places=[{ci:750107}|{ci:750108}|{ci:750116}]&price=NaN/1200&enterprise=0&qsVersion=1.0&m=search_to_detail",ParisOuest,38.888888888888886
164,900,1,19.0,"https://www.seloger.com/annonces/locations/appartement/paris-16eme-75/porte-dauphine/163777759.htm?projects=1&types=2,1&natures=1&places=[{ci:750107}|{ci:750108}|{ci:750116}]&price=NaN/1200&enterprise=0&qsVersion=1.0&m=search_to_detail",ParisOuest,47.36842105263158
165,1080,1,20.0,"https://www.seloger.com/annonces/locations/appartement/paris-16eme-75/auteuil-sud/162649441.htm?projects=1&types=2,1&natures=1&places=[{ci:750107}|{ci:750108}|{ci:750116}]&price=NaN/1200&enterprise=0&qsVersion=1.0&m=search_to_detail",ParisOuest,54.0
166,1050,1,37.0,"https://www.seloger.com/annonces/locations/appartement/paris-16eme-75/muette-sud/160095353.htm?projects=1&types=2,1&natures=1&places=[{ci:750107}|{ci:750108}|{ci:750116}]&price=NaN/1200&enterprise=0&qsVersion=1.0&m=search_to_detail",ParisOuest,28.37837837837838
167,968,1,22.07,"https://www.seloger.com/annonces/locations/appartement/paris-8eme-75/saint-philippe-du-roule/161449731.htm?projects=1&types=2,1&natures=1&places=[{ci:750107}|{ci:750108}|{ci:750116}]&price=NaN/1200&enterprise=0&qsVersion=1.0&m=search_to_detail",ParisOuest,43.86044404168555
168,990,1,20.0,"https://www.seloger.com/annonces/locations/appartement/paris-7eme-75/gros-caillou/162233021.htm?projects=1&types=2,1&natures=1&places=[{ci:750107}|{ci:750108}|{ci:750116}]&price=NaN/1200&enterprise=0&qsVersion=1.0&m=search_to_detail",ParisOuest,49.5
169,850,1,25.0,"https://www.seloger.com/annonces/locations/appartement/paris-7eme-75/ecole-militaire/162423465.htm?projects=1&types=2,1&natures=1&places=[{ci:750107}|{ci:750108}|{ci:750116}]&price=NaN/1200&enterprise=0&qsVersion=1.0&m=search_to_detail",ParisOuest,34.0
170,583,1,13.0,"https://www.seloger.com/annonces/locations/appartement/paris-16eme-75/auteuil-nord/162880147.htm?projects=1&types=2,1&natures=1&places=[{ci:750107}|{ci:750108}|{ci:750116}]&price=NaN/1200&enterprise=0&qsVersion=1.0&m=search_to_detail",ParisOuest,44.84615384615385
171,550,1,10.02,"https://www.seloger.com/annonces/locations/appartement/paris-16eme-75/auteuil-sud/163522449.htm?projects=1&types=2,1&natures=1&places=[{ci:750107}|{ci:750108}|{ci:750116}]&price=NaN/1200&enterprise=0&qsVersion=1.0&m=search_to_detail",ParisOuest,54.89021956087824
172,607,1,15.35,"https://www.seloger.com/annonces/locations/appartement/paris-16eme-75/auteuil-nord/163893387.htm?projects=1&types=2,1&natures=1&places=[{ci:750107}|{ci:750108}|{ci:750116}]&price=NaN/1200&enterprise=0&qsVersion=1.0&m=search_to_detail",ParisOuest,39.54397394136808
173,781,1,26.59,"https://www.seloger.com/annonces/locations/appartement/paris-8eme-75/parc-monceau/164004525.htm?projects=1&types=2,1&natures=1&places=[{ci:750107}|{ci:750108}|{ci:750116}]&price=NaN/1200&enterprise=0&qsVersion=1.0&m=search_to_detail",ParisOuest,29.371944339977436
174,890,1,15.0,"https://www.seloger.com/annonces/locations/appartement/paris-16eme-75/porte-dauphine/160713719.htm?projects=1&types=2,1&natures=1&places=[{ci:750107}|{ci:750108}|{ci:750116}]&price=NaN/1200&enterprise=0&qsVersion=1.0&m=search_to_detail",ParisOuest,59.333333333333336
175,1040,1,21.14,"https://www.seloger.com/annonces/locations/appartement/paris-16eme-75/auteuil-sud/163006835.htm?projects=1&types=2,1&natures=1&places=[{ci:750107}|{ci:750108}|{ci:750116}]&price=NaN/1200&enterprise=0&qsVersion=1.0&m=search_to_detail",ParisOuest,49.195837275307476
176,823,1,21.0,"https://www.seloger.com/annonces/locations/appartement/paris-7eme-75/gros-caillou/163345953.htm?projects=1&types=2,1&natures=1&places=[{ci:750107}|{ci:750108}|{ci:750116}]&price=NaN/1200&enterprise=0&qsVersion=1.0&m=search_to_detail",ParisOuest,39.19047619047619
177,892,1,25.57,"https://www.seloger.com/annonces/locations/appartement/paris-16eme-75/muette-nord/164497277.htm?projects=1&types=2,1&natures=1&places=[{ci:750107}|{ci:750108}|{ci:750116}]&price=NaN/1200&enterprise=0&qsVersion=1.0&m=search_to_detail",ParisOuest,34.8846304262808
178,1144,1,33.55,"https://www.seloger.com/annonces/locations/appartement/paris-16eme-75/porte-dauphine/164498039.htm?projects=1&types=2,1&natures=1&places=[{ci:750107}|{ci:750108}|{ci:750116}]&price=NaN/1200&enterprise=0&qsVersion=1.0&m=search_to_detail",ParisOuest,34.09836065573771
179,1073,1,31.0,"https://www.seloger.com/annonces/locations/appartement/paris-16eme-75/auteuil-sud/163182277.htm?projects=1&types=2,1&natures=1&places=[{ci:750107}|{ci:750108}|{ci:750116}]&price=NaN/1200&enterprise=0&qsVersion=1.0&m=search_to_detail",ParisOuest,34.61290322580645
180,890,1,20.0,"https://www.seloger.com/annonces/locations/appartement/paris-8eme-75/elysees-madeleine/163785493.htm?projects=1&types=2,1&natures=1&places=[{ci:750107}|{ci:750108}|{ci:750116}]&price=NaN/1200&enterprise=0&qsVersion=1.0&m=search_to_detail",ParisOuest,44.5
181,907,1,22.0,"https://www.seloger.com/annonces/locations/appartement/paris-16eme-75/auteuil-sud/164509367.htm?projects=1&types=2,1&natures=1&places=[{ci:750107}|{ci:750108}|{ci:750116}]&price=NaN/1200&enterprise=0&qsVersion=1.0&m=search_to_detail",ParisOuest,41.22727272727273
182,1200,1,30.0,"https://www.seloger.com/annonces/locations/appartement/paris-8eme-75/saint-philippe-du-roule/164540655.htm?projects=1&types=2,1&natures=1&places=[{ci:750107}|{ci:750108}|{ci:750116}]&price=NaN/1200&enterprise=0&qsVersion=1.0&m=search_to_detail",ParisOuest,40.0
183,680,1,14.0,"https://www.seloger.com/annonces/locations/appartement/paris-8eme-75/parc-monceau/154152709.htm?projects=1&types=2,1&natures=1&places=[{ci:750107}|{ci:750108}|{ci:750116}]&price=NaN/1200&enterprise=0&qsVersion=1.0&m=search_to_detail",ParisOuest,48.57142857142857
184,900,1,17.0,"https://www.seloger.com/annonces/locations/appartement/paris-16eme-75/porte-dauphine/137517201.htm?projects=1&types=2,1&natures=1&places=[{ci:750107}|{ci:750108}|{ci:750116}]&price=NaN/1200&enterprise=0&qsVersion=1.0&m=search_to_detail",ParisOuest,52.94117647058823
185,900,2,27.88,"https://www.seloger.com/annonces/locations/appartement/paris-16eme-75/auteuil-nord/138491325.htm?projects=1&types=2,1&natures=1&places=[{ci:750107}|{ci:750108}|{ci:750116}]&price=NaN/1200&enterprise=0&qsVersion=1.0&m=search_to_detail",ParisOuest,32.281205164992826
186,1099,1,26.0,"https://www.seloger.com/annonces/locations/appartement/paris-8eme-75/elysees-madeleine/161855501.htm?projects=1&types=2,1&natures=1&places=[{ci:750107}|{ci:750108}|{ci:750116}]&price=NaN/1200&enterprise=0&qsVersion=1.0&m=search_to_detail",ParisOuest,42.26923076923077
187,500,1,9.0,"https://www.seloger.com/annonces/locations/appartement/paris-16eme-75/bois-de-boulogne/163153085.htm?projects=1&types=2,1&natures=1&places=[{ci:750107}|{ci:750108}|{ci:750116}]&price=NaN/1200&enterprise=0&qsVersion=1.0&m=search_to_detail",ParisOuest,55.55555555555556
188,955,1,18.0,"https://www.seloger.com/annonces/locations/appartement/paris-16eme-75/auteuil-nord/164552907.htm?projects=1&types=2,1&natures=1&places=[{ci:750107}|{ci:750108}|{ci:750116}]&price=NaN/1200&enterprise=0&qsVersion=1.0&m=search_to_detail",ParisOuest,53.05555555555556
189,1120,1,25.0,"https://www.seloger.com/annonces/locations/appartement/paris-8eme-75/saint-philippe-du-roule/159105733.htm?projects=1&types=2,1&natures=1&places=[{ci:750107}|{ci:750108}|{ci:750116}]&price=NaN/1200&enterprise=0&qsVersion=1.0&m=search_to_detail",ParisOuest,44.8
190,1095,1,44.0,"https://www.seloger.com/annonces/locations/appartement/paris-16eme-75/auteuil-sud/161670189.htm?projects=1&types=2,1&natures=1&places=[{ci:750107}|{ci:750108}|{ci:750116}]&price=NaN/1200&enterprise=0&qsVersion=1.0&m=search_to_detail",ParisOuest,24.886363636363637
191,1100,1,28.0,"https://www.seloger.com/annonces/locations/appartement/paris-16eme-75/chaillot/163680723.htm?projects=1&types=2,1&natures=1&places=[{ci:750107}|{ci:750108}|{ci:750116}]&price=NaN/1200&enterprise=0&qsVersion=1.0&m=search_to_detail",ParisOuest,39.285714285714285
192,950,1,23.06,"https://www.seloger.com/annonces/locations/appartement/paris-7eme-75/invalides/163780269.htm?projects=1&types=2,1&natures=1&places=[{ci:750107}|{ci:750108}|{ci:750116}]&price=NaN/1200&enterprise=0&qsVersion=1.0&m=search_to_detail",ParisOuest,41.196877710320905
193,950,1,24.0,"https://www.seloger.com/annonces/locations/appartement/paris-8eme-75/saint-philippe-du-roule/164492175.htm?projects=1&types=2,1&natures=1&places=[{ci:750107}|{ci:750108}|{ci:750116}]&price=NaN/1200&enterprise=0&qsVersion=1.0&m=search_to_detail",ParisOuest,39.583333333333336
194,1150,1,25.0,"https://www.seloger.com/annonces/locations/appartement/paris-16eme-75/auteuil-nord/164493109.htm?projects=1&types=2,1&natures=1&places=[{ci:750107}|{ci:750108}|{ci:750116}]&price=NaN/1200&enterprise=0&qsVersion=1.0&m=search_to_detail",ParisOuest,46.0
195,1100,1,39.27,"https://www.seloger.com/annonces/locations/appartement/paris-16eme-75/porte-dauphine/164493115.htm?projects=1&types=2,1&natures=1&places=[{ci:750107}|{ci:750108}|{ci:750116}]&price=NaN/1200&enterprise=0&qsVersion=1.0&m=search_to_detail",ParisOuest,28.011204481792713
196,996,1,27.0,"https://www.seloger.com/annonces/locations/appartement/paris-8eme-75/elysees-madeleine/163179621.htm?projects=1&types=2,1&natures=1&places=[{ci:750107}|{ci:750108}|{ci:750116}]&price=NaN/1200&enterprise=0&qsVersion=1.0&m=search_to_detail",ParisOuest,36.888888888888886
197,632,1,14.02,"https://www.seloger.com/annonces/locations/appartement/paris-7eme-75/gros-caillou/164530335.htm?projects=1&types=2,1&natures=1&places=[{ci:750107}|{ci:750108}|{ci:750116}]&price=NaN/1200&enterprise=0&qsVersion=1.0&m=search_to_detail",ParisOuest,45.07845934379458
198,1000,1,25.0,"https://www.seloger.com/annonces/locations/appartement/paris-16eme-75/auteuil-nord/164260423.htm?projects=1&types=2,1&natures=1&places=[{ci:750107}|{ci:750108}|{ci:750116}]&price=NaN/1200&enterprise=0&qsVersion=1.0&m=search_to_detail",ParisOuest,40.0
199,1000,1,18.0,"https://www.seloger.com/annonces/locations/appartement/paris-7eme-75/invalides/158964875.htm?projects=1&types=2,1&natures=1&places=[{ci:750107}|{ci:750108}|{ci:750116}]&price=NaN/1200&enterprise=0&qsVersion=1.0&m=search_to_detail",ParisOuest,55.55555555555556
200,1180,2,40.69,"https://www.seloger.com/annonces/locations/appartement/paris-16eme-75/auteuil-sud/164050773.htm?projects=1&types=2,1&natures=1&places=[{ci:750107}|{ci:750108}|{ci:750116}]&price=NaN/1200&enterprise=0&qsVersion=1.0&m=search_to_detail",ParisOuest,28.999754239370855
201,1166,2,38.56,"https://www.seloger.com/annonces/locations/appartement/paris-16eme-75/auteuil-nord/164190083.htm?projects=1&types=2,1&natures=1&places=[{ci:750107}|{ci:750108}|{ci:750116}]&price=NaN/1200&enterprise=0&qsVersion=1.0&m=search_to_detail",ParisOuest,30.238589211618255
202,555,1,13.9,"https://www.seloger.com/annonces/locations/appartement/paris-7eme-75/invalides/164397447.htm?projects=1&types=2,1&natures=1&places=[{ci:750107}|{ci:750108}|{ci:750116}]&price=NaN/1200&enterprise=0&qsVersion=1.0&m=search_to_detail",ParisOuest,39.92805755395683
203,1040,2,26.0,"https://www.seloger.com/annonces/locations/appartement/paris-7eme-75/gros-caillou/162742421.htm?projects=1&types=2,1&natures=1&places=[{ci:750107}|{ci:750108}|{ci:750116}]&price=NaN/1200&enterprise=0&qsVersion=1.0&m=search_to_detail",ParisOuest,40.0
204,821,1,23.43,"https://www.seloger.com/annonces/locations/appartement/paris-8eme-75/elysees-madeleine/163220945.htm?projects=1&types=2,1&natures=1&places=[{ci:750107}|{ci:750108}|{ci:750116}]&price=NaN/1200&enterprise=0&qsVersion=1.0&m=search_to_detail",ParisOuest,35.040546308151946
205,1000,1,21.0,"https://www.seloger.com/annonces/locations/appartement/paris-16eme-75/muette-nord/163316027.htm?projects=1&types=2,1&natures=1&places=[{ci:750107}|{ci:750108}|{ci:750116}]&price=NaN/1200&enterprise=0&qsVersion=1.0&m=search_to_detail",ParisOuest,47.61904761904762
206,1090,1,28.02,"https://www.seloger.com/annonces/locations/appartement/paris-7eme-75/gros-caillou/162369209.htm?projects=1&types=2,1&natures=1&places=[{ci:750107}|{ci:750108}|{ci:750116}]&price=NaN/1200&enterprise=0&qsVersion=1.0&m=search_to_detail",ParisOuest,38.90078515346181
207,1000,1,21.0,"https://www.seloger.com/annonces/locations/appartement/paris-16eme-75/auteuil-nord/162956389.htm?projects=1&types=2,1&natures=1&places=[{ci:750107}|{ci:750108}|{ci:750116}]&price=NaN/1200&enterprise=0&qsVersion=1.0&m=search_to_detail",ParisOuest,47.61904761904762
208,1135,1,22.0,"https://www.seloger.com/annonces/locations/appartement/paris-7eme-75/gros-caillou/164228435.htm?projects=1&types=2,1&natures=1&places=[{ci:750107}|{ci:750108}|{ci:750116}]&price=NaN/1200&enterprise=0&qsVersion=1.0&m=search_to_detail",ParisOuest,51.59090909090909
209,960,1,33.0,"https://www.seloger.com/annonces/locations/appartement/paris-7eme-75/ecole-militaire/164054265.htm?projects=1&types=2,1&natures=1&places=[{ci:750107}|{ci:750108}|{ci:750116}]&price=NaN/1200&enterprise=0&qsVersion=1.0&m=search_to_detail",ParisOuest,29.09090909090909
210,1000,2,20.0,"https://www.seloger.com/annonces/locations/appartement/paris-16eme-75/muette-nord/164422127.htm?projects=1&types=2,1&natures=1&places=[{ci:750107}|{ci:750108}|{ci:750116}]&price=NaN/1200&enterprise=0&qsVersion=1.0&m=search_to_detail",ParisOuest,50.0
211,850,1,27.0,"https://www.seloger.com/annonces/locations/appartement/paris-8eme-75/triangle-d-or/163429835.htm?projects=1&types=2,1&natures=1&places=[{ci:750107}|{ci:750108}|{ci:750116}]&price=NaN/1200&enterprise=0&qsVersion=1.0&m=search_to_detail",ParisOuest,31.48148148148148
212,688,1,11.0,"https://www.seloger.com/annonces/locations/appartement/paris-16eme-75/auteuil-sud/163959685.htm?projects=1&types=2,1&natures=1&places=[{ci:750107}|{ci:750108}|{ci:750116}]&price=NaN/1200&enterprise=0&qsVersion=1.0&m=search_to_detail",ParisOuest,62.54545454545455
213,1125,2,33.0,"https://www.seloger.com/annonces/locations/appartement/paris-16eme-75/muette-nord/163510061.htm?projects=1&types=2,1&natures=1&places=[{ci:750107}|{ci:750108}|{ci:750116}]&price=NaN/1200&enterprise=0&qsVersion=1.0&m=search_to_detail",ParisOuest,34.09090909090909
214,1150,1,17.0,"https://www.seloger.com/annonces/locations/appartement/paris-8eme-75/elysees-madeleine/164211741.htm?projects=1&types=2,1&natures=1&places=[{ci:750107}|{ci:750108}|{ci:750116}]&price=NaN/1200&enterprise=0&qsVersion=1.0&m=search_to_detail",ParisOuest,67.6470588235294
215,1050,2,25.0,"https://www.seloger.com/annonces/locations/appartement/paris-8eme-75/parc-monceau/163933591.htm?projects=1&types=2,1&natures=1&places=[{ci:750107}|{ci:750108}|{ci:750116}]&price=NaN/1200&enterprise=0&qsVersion=1.0&m=search_to_detail",ParisOuest,42.0
216,980,1,22.0,"https://www.seloger.com/annonces/locations/appartement/paris-16eme-75/auteuil-nord/164195661.htm?projects=1&types=2,1&natures=1&places=[{ci:750107}|{ci:750108}|{ci:750116}]&price=NaN/1200&enterprise=0&qsVersion=1.0&m=search_to_detail",ParisOuest,44.54545454545455
217,780,1,21.0,"https://www.seloger.com/annonces/locations/appartement/paris-8eme-75/hoche-friedland/164534649.htm?projects=1&types=2,1&natures=1&places=[{ci:750107}|{ci:750108}|{ci:750116}]&price=NaN/1200&enterprise=0&qsVersion=1.0&m=search_to_detail",ParisOuest,37.142857142857146
218,1129,1,36.39,"https://www.seloger.com/annonces/locations/appartement/paris-16eme-75/muette-sud/163969657.htm?projects=1&types=2,1&natures=1&places=[{ci:750107}|{ci:750108}|{ci:750116}]&price=NaN/1200&enterprise=0&qsVersion=1.0&m=search_to_detail",ParisOuest,31.025006870019237
219,1000,1,37.88,"https://www.seloger.com/annonces/locations/appartement/paris-16eme-75/porte-dauphine/164512781.htm?projects=1&types=2,1&natures=1&places=[{ci:750107}|{ci:750108}|{ci:750116}]&price=NaN/1200&enterprise=0&qsVersion=1.0&m=search_to_detail",ParisOuest,26.399155227032733
220,1146,1,37.0,"https://www.seloger.com/annonces/locations/appartement/paris-8eme-75/saint-philippe-du-roule/164278001.htm?projects=1&types=2,1&natures=1&places=[{ci:750107}|{ci:750108}|{ci:750116}]&price=NaN/1200&enterprise=0&qsVersion=1.0&m=search_to_detail",ParisOuest,30.972972972972972
221,790,1,15.0,"https://www.seloger.com/annonces/locations/appartement/paris-8eme-75/mairie/164096607.htm?projects=1&types=2,1&natures=1&places=[{ci:750107}|{ci:750108}|{ci:750116}]&price=NaN/1200&enterprise=0&qsVersion=1.0&m=search_to_detail",ParisOuest,52.666666666666664
222,545,1,11.0,"https://www.seloger.com/annonces/locations/appartement/paris-16eme-75/muette-sud/134467489.htm?projects=1&types=2,1&natures=1&places=[{ci:750107}|{ci:750108}|{ci:750116}]&price=NaN/1200&enterprise=0&qsVersion=1.0&m=search_to_detail",ParisOuest,49.54545454545455
223,890,2,18.0,"https://www.seloger.com/annonces/locations/appartement/paris-8eme-75/hoche-friedland/164404709.htm?projects=1&types=2,1&natures=1&places=[{ci:750107}|{ci:750108}|{ci:750116}]&price=NaN/1200&enterprise=0&qsVersion=1.0&m=search_to_detail",ParisOuest,49.44444444444444
224,830,2,29.0,"https://www.seloger.com/annonces/locations/appartement/paris-16eme-75/164541267.htm?projects=1&types=2,1&natures=1&places=[{ci:750107}|{ci:750108}|{ci:750116}]&price=NaN/1200&enterprise=0&qsVersion=1.0&m=search_to_detail",ParisOuest,28.620689655172413
225,1197,2,32.23,"https://www.seloger.com/annonces/locations/appartement/paris-7eme-75/163902701.htm?projects=1&types=2,1&natures=1&places=[{ci:750107}|{ci:750108}|{ci:750116}]&price=NaN/1200&enterprise=0&qsVersion=1.0&m=search_to_detail",ParisOuest,37.13931120074465
226,1000,1,18.0,"https://www.seloger.com/annonces/locations/appartement/paris-8eme-75/parc-monceau/162908115.htm?projects=1&types=2,1&natures=1&places=[{ci:750107}|{ci:750108}|{ci:750116}]&price=NaN/1200&enterprise=0&qsVersion=1.0&m=search_to_detail",ParisOuest,55.55555555555556
227,1146,1,37.0,"https://www.seloger.com/annonces/locations/appartement/paris-8eme-75/saint-philippe-du-roule/161946487.htm?projects=1&types=2,1&natures=1&places=[{ci:750107}|{ci:750108}|{ci:750116}]&price=NaN/1200&enterprise=0&qsVersion=1.0&m=search_to_detail",ParisOuest,30.972972972972972
228,695,1,15.0,"https://www.seloger.com/annonces/locations/appartement/paris-7eme-75/gros-caillou/164051263.htm?projects=1&types=2,1&natures=1&places=[{ci:750107}|{ci:750108}|{ci:750116}]&price=NaN/1200&enterprise=0&qsVersion=1.0&m=search_to_detail",ParisOuest,46.333333333333336
229,1108,2,42.8,"https://www.seloger.com/annonces/locations/appartement/paris-16eme-75/auteuil-nord/163376335.htm?projects=1&types=2,1&natures=1&places=[{ci:750107}|{ci:750108}|{ci:750116}]&price=NaN/1200&enterprise=0&qsVersion=1.0&m=search_to_detail",ParisOuest,25.88785046728972
230,1000,1,26.0,"https://www.seloger.com/annonces/locations/appartement/paris-7eme-75/saint-thomas-d-aquin/163996873.htm?projects=1&types=2,1&natures=1&places=[{ci:750107}|{ci:750108}|{ci:750116}]&price=NaN/1200&enterprise=0&qsVersion=1.0&m=search_to_detail",ParisOuest,38.46153846153846
231,990,1,31.65,"https://www.seloger.com/annonces/locations/appartement/paris-16eme-75/porte-dauphine/164236101.htm?projects=1&types=2,1&natures=1&places=[{ci:750107}|{ci:750108}|{ci:750116}]&price=NaN/1200&enterprise=0&qsVersion=1.0&m=search_to_detail",ParisOuest,31.27962085308057
232,840,1,20.0,"https://www.seloger.com/annonces/locations/appartement/paris-8eme-75/hoche-friedland/163451999.htm?projects=1&types=2,1&natures=1&places=[{ci:750107}|{ci:750108}|{ci:750116}]&price=NaN/1200&enterprise=0&qsVersion=1.0&m=search_to_detail",ParisOuest,42.0
233,875,1,23.65,"https://www.seloger.com/annonces/locations/appartement/paris-8eme-75/europe/163792833.htm?projects=1&types=2,1&natures=1&places=[{ci:750107}|{ci:750108}|{ci:750116}]&price=NaN/1200&enterprise=0&qsVersion=1.0&m=search_to_detail",ParisOuest,36.99788583509514
234,650,1,13.0,"https://www.seloger.com/annonces/locations/appartement/paris-7eme-75/ecole-militaire/164096661.htm?projects=1&types=2,1&natures=1&places=[{ci:750107}|{ci:750108}|{ci:750116}]&price=NaN/1200&enterprise=0&qsVersion=1.0&m=search_to_detail",ParisOuest,50.0
235,766,1,17.13,"https://www.seloger.com/annonces/locations/appartement/paris-7eme-75/gros-caillou/164530337.htm?projects=1&types=2,1&natures=1&places=[{ci:750107}|{ci:750108}|{ci:750116}]&price=NaN/1200&enterprise=0&qsVersion=1.0&m=search_to_detail",ParisOuest,44.71687098657327
236,648,1,12.0,"https://www.seloger.com/annonces/locations/appartement/paris-16eme-75/porte-dauphine/164421749.htm?projects=1&types=2,1&natures=1&places=[{ci:750107}|{ci:750108}|{ci:750116}]&price=NaN/1200&enterprise=0&qsVersion=1.0&m=search_to_detail",ParisOuest,54.0
237,1150,1,31.0,"https://www.seloger.com/annonces/locations/appartement/paris-8eme-75/mairie/164365187.htm?projects=1&types=2,1&natures=1&places=[{ci:750107}|{ci:750108}|{ci:750116}]&price=NaN/1200&enterprise=0&qsVersion=1.0&m=search_to_detail",ParisOuest,37.096774193548384
238,560,1,13.41,"https://www.seloger.com/annonces/locations/appartement/paris-8eme-75/164010087.htm?projects=1&types=2,1&natures=1&places=[{ci:750107}|{ci:750108}|{ci:750116}]&price=NaN/1200&enterprise=0&qsVersion=1.0&m=search_to_detail",ParisOuest,41.75988068605518
239,850,1,24.01,"https://www.seloger.com/annonces/locations/appartement/paris-16eme-75/auteuil-sud/163141081.htm?projects=1&types=2,1&natures=1&places=[{ci:750107}|{ci:750108}|{ci:750116}]&price=NaN/1200&enterprise=0&qsVersion=1.0&m=search_to_detail",ParisOuest,35.40191586838817
240,930,1,20.0,"https://www.seloger.com/annonces/locations/appartement/paris-16eme-75/muette-nord/164119435.htm?projects=1&types=2,1&natures=1&places=[{ci:750107}|{ci:750108}|{ci:750116}]&price=NaN/1200&enterprise=0&qsVersion=1.0&m=search_to_detail",ParisOuest,46.5
241,850,1,19.51,"https://www.seloger.com/annonces/locations/appartement/paris-16eme-75/auteuil-sud/163226273.htm?projects=1&types=2,1&natures=1&places=[{ci:750107}|{ci:750108}|{ci:750116}]&price=NaN/1200&enterprise=0&qsVersion=1.0&m=search_to_detail",ParisOuest,43.56740133264992
242,750,1,18.78,"https://www.seloger.com/annonces/locations/appartement/paris-16eme-75/auteuil-nord/138490209.htm?projects=1&types=2,1&natures=1&places=[{ci:750107}|{ci:750108}|{ci:750116}]&price=NaN/1200&enterprise=0&qsVersion=1.0&m=search_to_detail",ParisOuest,39.936102236421725
243,850,1,19.0,"https://www.seloger.com/annonces/locations/appartement/paris-16eme-75/auteuil-nord/105427579.htm?projects=1&types=2,1&natures=1&places=[{ci:750107}|{ci:750108}|{ci:750116}]&price=NaN/1200&enterprise=0&qsVersion=1.0&m=search_to_detail",ParisOuest,44.73684210526316
244,901,1,22.0,"https://www.seloger.com/annonces/locations/appartement/paris-16eme-75/chaillot/164065309.htm?projects=1&types=2,1&natures=1&places=[{ci:750107}|{ci:750108}|{ci:750116}]&price=NaN/1200&enterprise=0&qsVersion=1.0&m=search_to_detail",ParisOuest,40.95454545454545
245,884,1,24.22,"https://www.seloger.com/annonces/locations/appartement/paris-16eme-75/porte-dauphine/164190085.htm?projects=1&types=2,1&natures=1&places=[{ci:750107}|{ci:750108}|{ci:750116}]&price=NaN/1200&enterprise=0&qsVersion=1.0&m=search_to_detail",ParisOuest,36.498761354252686
246,890,1,22.0,"https://www.seloger.com/annonces/locations/appartement/paris-8eme-75/hoche-friedland/161929295.htm?projects=1&types=2,1&natures=1&places=[{ci:750107}|{ci:750108}|{ci:750116}]&price=NaN/1200&enterprise=0&qsVersion=1.0&m=search_to_detail",ParisOuest,40.45454545454545
247,1100,1,30.0,"https://www.seloger.com/annonces/locations/appartement/paris-8eme-75/mairie/164539833.htm?projects=1&types=2,1&natures=1&places=[{ci:750107}|{ci:750108}|{ci:750116}]&price=NaN/1200&enterprise=0&qsVersion=1.0&m=search_to_detail",ParisOuest,36.666666666666664
248,855,1,10.3,"https://www.seloger.com/annonces/locations/appartement/paris-8eme-75/elysees-madeleine/164269295.htm?projects=1&types=2,1&natures=1&places=[{ci:750107}|{ci:750108}|{ci:750116}]&price=NaN/1200&enterprise=0&qsVersion=1.0&m=search_to_detail",ParisOuest,83.00970873786407
249,885,1,31.0,"https://www.seloger.com/annonces/locations/appartement/paris-16eme-75/auteuil-sud/164538991.htm?projects=1&types=2,1&natures=1&places=[{ci:750107}|{ci:750108}|{ci:750116}]&price=NaN/1200&enterprise=0&qsVersion=1.0&m=search_to_detail",ParisOuest,28.548387096774192
250,1142,1,25.0,"https://www.seloger.com/annonces/locations/appartement/paris-7eme-75/164234861.htm?projects=1&types=2,1&natures=1&places=[{ci:750107}|{ci:750108}|{ci:750116}]&price=NaN/1200&enterprise=0&qsVersion=1.0&m=search_to_detail",ParisOuest,45.68
251,990,1,28.65,"https://www.seloger.com/annonces/locations/appartement/paris-16eme-75/157550803.htm?projects=1&types=2,1&natures=1&places=[{ci:750107}|{ci:750108}|{ci:750116}]&price=NaN/1200&enterprise=0&qsVersion=1.0&m=search_to_detail",ParisOuest,34.55497382198953
252,930,1,20.0,"https://www.seloger.com/annonces/locations/appartement/paris-7eme-75/164493125.htm?projects=1&types=2,1&natures=1&places=[{ci:750107}|{ci:750108}|{ci:750116}]&price=NaN/1200&enterprise=0&qsVersion=1.0&m=search_to_detail",ParisOuest,46.5
253,945,1,21.6,"https://www.seloger.com/annonces/locations/appartement/paris-16eme-75/159419681.htm?projects=1&types=2,1&natures=1&places=[{ci:750107}|{ci:750108}|{ci:750116}]&price=NaN/1200&enterprise=0&qsVersion=1.0&m=search_to_detail",ParisOuest,43.75
254,1200,1,22.0,"https://www.seloger.com/annonces/locations/appartement/paris-7eme-75/162878731.htm?projects=1&types=2,1&natures=1&places=[{ci:750107}|{ci:750108}|{ci:750116}]&price=NaN/1200&enterprise=0&qsVersion=1.0&m=search_to_detail",ParisOuest,54.54545454545455
255,1110,1,28.0,"https://www.seloger.com/annonces/locations/appartement/paris-16eme-75/163777125.htm?projects=1&types=2,1&natures=1&places=[{ci:750107}|{ci:750108}|{ci:750116}]&price=NaN/1200&enterprise=0&qsVersion=1.0&m=search_to_detail",ParisOuest,39.642857142857146
256,1100,1,37.84,"https://www.seloger.com/annonces/locations/appartement/paris-16eme-75/164257823.htm?projects=1&types=2,1&natures=1&places=[{ci:750107}|{ci:750108}|{ci:750116}]&price=NaN/1200&enterprise=0&qsVersion=1.0&m=search_to_detail",ParisOuest,29.069767441860463
257,1068,1,28.4,"https://www.seloger.com/annonces/locations/appartement/paris-8eme-75/164260789.htm?projects=1&types=2,1&natures=1&places=[{ci:750107}|{ci:750108}|{ci:750116}]&price=NaN/1200&enterprise=0&qsVersion=1.0&m=search_to_detail",ParisOuest,37.605633802816904
258,839,1,17.5,"https://www.seloger.com/annonces/locations/appartement/paris-8eme-75/164301613.htm?projects=1&types=2,1&natures=1&places=[{ci:750107}|{ci:750108}|{ci:750116}]&price=NaN/1200&enterprise=0&qsVersion=1.0&m=search_to_detail",ParisOuest,47.94285714285714
259,1180,1,33.0,"https://www.seloger.com/annonces/locations/appartement/paris-7eme-75/164370565.htm?projects=1&types=2,1&natures=1&places=[{ci:750107}|{ci:750108}|{ci:750116}]&price=NaN/1200&enterprise=0&qsVersion=1.0&m=search_to_detail",ParisOuest,35.75757575757576
260,1185,1,25.0,"https://www.seloger.com/annonces/locations/appartement/paris-8eme-75/156121237.htm?projects=1&types=2,1&natures=1&places=[{ci:750107}|{ci:750108}|{ci:750116}]&price=NaN/1200&enterprise=0&qsVersion=1.0&m=search_to_detail",ParisOuest,47.4
261,1016,1,28.58,"https://www.seloger.com/annonces/locations/appartement/paris-8eme-75/160477547.htm?projects=1&types=2,1&natures=1&places=[{ci:750107}|{ci:750108}|{ci:750116}]&price=NaN/1200&enterprise=0&qsVersion=1.0&m=search_to_detail",ParisOuest,35.54933519944017
262,1180,1,27.24,"https://www.seloger.com/annonces/locations/appartement/paris-8eme-75/162407133.htm?projects=1&types=2,1&natures=1&places=[{ci:750107}|{ci:750108}|{ci:750116}]&price=NaN/1200&enterprise=0&qsVersion=1.0&m=search_to_detail",ParisOuest,43.3186490455213
263,880,1,18.57,"https://www.seloger.com/annonces/locations/appartement/paris-16eme-75/163898523.htm?projects=1&types=2,1&natures=1&places=[{ci:750107}|{ci:750108}|{ci:750116}]&price=NaN/1200&enterprise=0&qsVersion=1.0&m=search_to_detail",ParisOuest,47.3882606354335
264,890,1,15.0,"https://www.seloger.com/annonces/locations/appartement/paris-16eme-75/161901109.htm?projects=1&types=2,1&natures=1&places=[{ci:750107}|{ci:750108}|{ci:750116}]&price=NaN/1200&enterprise=0&qsVersion=1.0&m=search_to_detail",ParisOuest,59.333333333333336
265,766,1,17.0,"https://www.seloger.com/annonces/locations/appartement/paris-16eme-75/163917615.htm?projects=1&types=2,1&natures=1&places=[{ci:750107}|{ci:750108}|{ci:750116}]&price=NaN/1200&enterprise=0&qsVersion=1.0&m=search_to_detail",ParisOuest,45.05882352941177
266,1010,1,28.0,"https://www.seloger.com/annonces/locations/appartement/paris-16eme-75/163782089.htm?projects=1&types=2,1&natures=1&places=[{ci:750107}|{ci:750108}|{ci:750116}]&price=NaN/1200&enterprise=0&qsVersion=1.0&m=search_to_detail",ParisOuest,36.07142857142857
267,1120,1,38.0,"https://www.seloger.com/annonces/locations/appartement/paris-8eme-75/164494559.htm?projects=1&types=2,1&natures=1&places=[{ci:750107}|{ci:750108}|{ci:750116}]&price=NaN/1200&enterprise=0&qsVersion=1.0&m=search_to_detail",ParisOuest,29.473684210526315
268,572,1,9.05,"https://www.seloger.com/annonces/locations/appartement/paris-16eme-75/162577657.htm?projects=1&types=2,1&natures=1&places=[{ci:750107}|{ci:750108}|{ci:750116}]&price=NaN/1200&enterprise=0&qsVersion=1.0&m=search_to_detail",ParisOuest,63.20441988950276
269,806,2,23.0,"https://www.seloger.com/annonces/locations/appartement/paris-8eme-75/164030359.htm?projects=1&types=2,1&natures=1&places=[{ci:750107}|{ci:750108}|{ci:750116}]&price=NaN/1200&enterprise=0&qsVersion=1.0&m=search_to_detail",ParisOuest,35.04347826086956
270,967,1,32.61,"https://www.seloger.com/annonces/locations/appartement/paris-7eme-75/164224381.htm?projects=1&types=2,1&natures=1&places=[{ci:750107}|{ci:750108}|{ci:750116}]&price=NaN/1200&enterprise=0&qsVersion=1.0&m=search_to_detail",ParisOuest,29.65348052744557
271,1200,1,28.0,"https://www.seloger.com/annonces/locations/appartement/paris-16eme-75/164225861.htm?projects=1&types=2,1&natures=1&places=[{ci:750107}|{ci:750108}|{ci:750116}]&price=NaN/1200&enterprise=0&qsVersion=1.0&m=search_to_detail",ParisOuest,42.857142857142854
272,800,1,14.0,"https://www.seloger.com/annonces/locations/appartement/paris-16eme-75/164514691.htm?projects=1&types=2,1&natures=1&places=[{ci:750107}|{ci:750108}|{ci:750116}]&price=NaN/1200&enterprise=0&qsVersion=1.0&m=search_to_detail",ParisOuest,57.142857142857146
273,1110,2,36.19,"https://www.seloger.com/annonces/locations/appartement/paris-16eme-75/163897693.htm?projects=1&types=2,1&natures=1&places=[{ci:750107}|{ci:750108}|{ci:750116}]&price=NaN/1200&enterprise=0&qsVersion=1.0&m=search_to_detail",ParisOuest,30.6714562033711
274,1200,1,29.19,"https://www.seloger.com/annonces/locations/appartement/paris-16eme-75/161127937.htm?projects=1&types=2,1&natures=1&places=[{ci:750107}|{ci:750108}|{ci:750116}]&price=NaN/1200&enterprise=0&qsVersion=1.0&m=search_to_detail",ParisOuest,41.109969167523126
275,1200,1,32.0,"https://www.seloger.com/annonces/locations/appartement/paris-8eme-75/163181667.htm?projects=1&types=2,1&natures=1&places=[{ci:750107}|{ci:750108}|{ci:750116}]&price=NaN/1200&enterprise=0&qsVersion=1.0&m=search_to_detail",ParisOuest,37.5
276,1200,1,29.19,"https://www.seloger.com/annonces/locations/appartement/paris-16eme-75/161127937.htm?projects=1&types=2,1&natures=1&places=[{ci:750107}|{ci:750108}|{ci:750116}]&price=NaN/1200&enterprise=0&qsVersion=1.0&m=search_to_detail",ParisOuest,41.109969167523126
277,1200,1,28.0,"https://www.seloger.com/annonces/locations/appartement/paris-16eme-75/163882547.htm?projects=1&types=2,1&natures=1&places=[{ci:750107}|{ci:750108}|{ci:750116}]&price=NaN/1200&enterprise=0&qsVersion=1.0&m=search_to_detail",ParisOuest,42.857142857142854
278,1100,1,28.0,"https://www.seloger.com/annonces/locations/appartement/paris-16eme-75/164077251.htm?projects=1&types=2,1&natures=1&places=[{ci:750107}|{ci:750108}|{ci:750116}]&price=NaN/1200&enterprise=0&qsVersion=1.0&m=search_to_detail",ParisOuest,39.285714285714285
279,750,1,16.5,"https://www.seloger.com/annonces/locations/appartement/paris-16eme-75/164257899.htm?projects=1&types=2,1&natures=1&places=[{ci:750107}|{ci:750108}|{ci:750116}]&price=NaN/1200&enterprise=0&qsVersion=1.0&m=search_to_detail",ParisOuest,45.45454545454545
280,980,1,28.0,"https://www.seloger.com/annonces/locations/appartement/paris-16eme-75/164446659.htm?projects=1&types=2,1&natures=1&places=[{ci:750107}|{ci:750108}|{ci:750116}]&price=NaN/1200&enterprise=0&qsVersion=1.0&m=search_to_detail",ParisOuest,35.0
281,700,1,15.0,"https://www.seloger.com/annonces/locations/appartement/paris-16eme-75/163061335.htm?projects=1&types=2,1&natures=1&places=[{ci:750107}|{ci:750108}|{ci:750116}]&price=NaN/1200&enterprise=0&qsVersion=1.0&m=search_to_detail",ParisOuest,46.666666666666664
282,980,1,25.0,"https://www.seloger.com/annonces/locations/appartement/paris-16eme-75/muette-nord/161764269.htm?projects=1&types=2,1&natures=1&places=[{ci:750107}|{ci:750108}|{ci:750116}]&price=NaN/1200&enterprise=0&qsVersion=1.0&m=search_to_detail",ParisOuest,39.2
283,930,1,19.0,"https://www.seloger.com/annonces/locations/appartement/paris-16eme-75/chaillot/160430871.htm?projects=1&types=2,1&natures=1&places=[{ci:750107}|{ci:750108}|{ci:750116}]&price=NaN/1200&enterprise=0&qsVersion=1.0&m=search_to_detail",ParisOuest,48.94736842105263
284,1100,1,16.0,"https://www.seloger.com/annonces/locations/appartement/paris-7eme-75/gros-caillou/159683561.htm?projects=1&types=2,1&natures=1&places=[{ci:750107}|{ci:750108}|{ci:750116}]&price=NaN/1200&enterprise=0&qsVersion=1.0&m=search_to_detail",ParisOuest,68.75
285,950,1,17.0,"https://www.seloger.com/annonces/locations/appartement/paris-8eme-75/154400405.htm?projects=1&types=2,1&natures=1&places=[{ci:750107}|{ci:750108}|{ci:750116}]&price=NaN/1200&enterprise=0&qsVersion=1.0&m=search_to_detail",ParisOuest,55.88235294117647
286,350,1,9.0,"https://www.seloger.com/annonces/locations/appartement/paris-16eme-75/muette-nord/164432067.htm?projects=1&types=2,1&natures=1&places=[{ci:750107}|{ci:750108}|{ci:750116}]&price=NaN/1200&enterprise=0&qsVersion=1.0&m=search_to_detail",ParisOuest,38.888888888888886
287,650,1,10.0,"https://www.seloger.com/annonces/locations/appartement/paris-16eme-75/163070823.htm?projects=1&types=2,1&natures=1&places=[{ci:750107}|{ci:750108}|{ci:750116}]&price=NaN/1200&enterprise=0&qsVersion=1.0&m=search_to_detail",ParisOuest,65.0
288,860,1,18.0,"https://www.seloger.com/annonces/locations/appartement/paris-8eme-75/164343419.htm?projects=1&types=2,1&natures=1&places=[{ci:750107}|{ci:750108}|{ci:750116}]&price=NaN/1200&enterprise=0&qsVersion=1.0&m=search_to_detail",ParisOuest,47.77777777777778
289,990,1,16.0,"https://www.seloger.com/annonces/locations/appartement/paris-16eme-75/164343427.htm?projects=1&types=2,1&natures=1&places=[{ci:750107}|{ci:750108}|{ci:750116}]&price=NaN/1200&enterprise=0&qsVersion=1.0&m=search_to_detail",ParisOuest,61.875
290,1200,1,31.0,"https://www.seloger.com/annonces/locations/appartement/paris-16eme-75/auteuil-nord/161054251.htm?projects=1&types=2,1&natures=1&places=[{ci:750107}|{ci:750108}|{ci:750116}]&price=NaN/1200&enterprise=0&qsVersion=1.0&m=search_to_detail",ParisOuest,38.70967741935484
291,1150,1,36.0,"https://www.seloger.com/annonces/locations/appartement/paris-16eme-75/163436943.htm?projects=1&types=2,1&natures=1&places=[{ci:750107}|{ci:750108}|{ci:750116}]&price=NaN/1200&enterprise=0&qsVersion=1.0&m=search_to_detail",ParisOuest,31.944444444444443
292,990,1,35.0,"https://www.seloger.com/annonces/locations/appartement/paris-16eme-75/163440027.htm?projects=1&types=2,1&natures=1&places=[{ci:750107}|{ci:750108}|{ci:750116}]&price=NaN/1200&enterprise=0&qsVersion=1.0&m=search_to_detail",ParisOuest,28.285714285714285
293,1186,2,34.0,"https://www.seloger.com/annonces/locations/appartement/paris-7eme-75/163808779.htm?projects=1&types=2,1&natures=1&places=[{ci:750107}|{ci:750108}|{ci:750116}]&price=NaN/1200&enterprise=0&qsVersion=1.0&m=search_to_detail",ParisOuest,34.88235294117647
294,1100,1,30.0,"https://www.seloger.com/annonces/locations/appartement/paris-7eme-75/invalides/159653321.htm?projects=1&types=2,1&natures=1&places=[{ci:750107}|{ci:750108}|{ci:750116}]&price=NaN/1200&enterprise=0&qsVersion=1.0&m=search_to_detail",ParisOuest,36.666666666666664
295,755,1,17.0,"https://www.seloger.com/annonces/locations/appartement/paris-16eme-75/164343121.htm?projects=1&types=2,1&natures=1&places=[{ci:750107}|{ci:750108}|{ci:750116}]&price=NaN/1200&enterprise=0&qsVersion=1.0&m=search_to_detail",ParisOuest,44.411764705882355
296,950,1,21.0,"https://www.seloger.com/annonces/locations/appartement/paris-16eme-75/164048553.htm?projects=1&types=2,1&natures=1&places=[{ci:750107}|{ci:750108}|{ci:750116}]&price=NaN/1200&enterprise=0&qsVersion=1.0&m=search_to_detail",ParisOuest,45.23809523809524
297,1200,1,30.0,"https://www.seloger.com/annonces/locations/appartement/paris-16eme-75/161864591.htm?projects=1&types=2,1&natures=1&places=[{ci:750107}|{ci:750108}|{ci:750116}]&price=NaN/1200&enterprise=0&qsVersion=1.0&m=search_to_detail",ParisOuest,40.0
298,495,1,9.0,"https://www.seloger.com/annonces/locations/appartement/paris-16eme-75/164484827.htm?projects=1&types=2,1&natures=1&places=[{ci:750107}|{ci:750108}|{ci:750116}]&price=NaN/1200&enterprise=0&qsVersion=1.0&m=search_to_detail",ParisOuest,55.0
299,860,1,17.27,"https://www.seloger.com/annonces/locations/appartement/paris-8eme-75/162416831.htm?projects=1&types=2,1&natures=1&places=[{ci:750107}|{ci:750108}|{ci:750116}]&price=NaN/1200&enterprise=0&qsVersion=1.0&m=search_to_detail",ParisOuest,49.797336421540244
300,920,1,27.83,"https://www.seloger.com/annonces/locations/appartement/paris-16eme-75/163589109.htm?projects=1&types=2,1&natures=1&places=[{ci:750107}|{ci:750108}|{ci:750116}]&price=NaN/1200&enterprise=0&qsVersion=1.0&m=search_to_detail",ParisOuest,33.057851239669425
301,945,1,22.0,"https://www.seloger.com/annonces/locations/appartement/paris-16eme-75/163279697.htm?projects=1&types=2,1&natures=1&places=[{ci:750107}|{ci:750108}|{ci:750116}]&price=NaN/1200&enterprise=0&qsVersion=1.0&m=search_to_detail",ParisOuest,42.95454545454545
302,1107,2,31.0,"https://www.seloger.com/annonces/locations/appartement/paris-16eme-75/164019929.htm?projects=1&types=2,1&natures=1&places=[{ci:750107}|{ci:750108}|{ci:750116}]&price=NaN/1200&enterprise=0&qsVersion=1.0&m=search_to_detail",ParisOuest,35.70967741935484
303,1100,1,28.0,"https://www.seloger.com/annonces/locations/appartement/paris-16eme-75/163735575.htm?projects=1&types=2,1&natures=1&places=[{ci:750107}|{ci:750108}|{ci:750116}]&price=NaN/1200&enterprise=0&qsVersion=1.0&m=search_to_detail",ParisOuest,39.285714285714285
304,1090,1,22.45,"https://www.seloger.com/annonces/locations/appartement/paris-8eme-75/161800189.htm?projects=1&types=2,1&natures=1&places=[{ci:750107}|{ci:750108}|{ci:750116}]&price=NaN/1200&enterprise=0&qsVersion=1.0&m=search_to_detail",ParisOuest,48.55233853006682
305,825,1,23.63,"https://www.seloger.com/annonces/locations/appartement/paris-16eme-75/163547047.htm?projects=1&types=2,1&natures=1&places=[{ci:750107}|{ci:750108}|{ci:750116}]&price=NaN/1200&enterprise=0&qsVersion=1.0&m=search_to_detail",ParisOuest,34.913245873889124
306,420,1,9.0,"https://www.seloger.com/annonces/locations/appartement/paris-7eme-75/164537285.htm?projects=1&types=2,1&natures=1&places=[{ci:750107}|{ci:750108}|{ci:750116}]&price=NaN/1200&enterprise=0&qsVersion=1.0&m=search_to_detail",ParisOuest,46.666666666666664
307,434,1,10.0,"https://www.seloger.com/annonces/locations/appartement/paris-16eme-75/164553763.htm?projects=1&types=2,1&natures=1&places=[{ci:750107}|{ci:750108}|{ci:750116}]&price=NaN/1200&enterprise=0&qsVersion=1.0&m=search_to_detail",ParisOuest,43.4
308,620,1,10.0,"https://www.seloger.com/annonces/locations/appartement/paris-16eme-75/porte-dauphine/159626727.htm?projects=1&types=2,1&natures=1&places=[{ci:750107}|{ci:750108}|{ci:750116}]&price=NaN/1200&enterprise=0&qsVersion=1.0&m=search_to_detail",ParisOuest,62.0
309,670,1,10.0,"https://www.seloger.com/annonces/locations/appartement/paris-8eme-75/hoche-friedland/161956345.htm?projects=1&types=2,1&natures=1&places=[{ci:750107}|{ci:750108}|{ci:750116}]&price=NaN/1200&enterprise=0&qsVersion=1.0&m=search_to_detail",ParisOuest,67.0
310,1050,2,25.0,"https://www.seloger.com/annonces/locations/appartement/paris-8eme-75/parc-monceau/162597405.htm?projects=1&types=2,1&natures=1&places=[{ci:750107}|{ci:750108}|{ci:750116}]&price=NaN/1200&enterprise=0&qsVersion=1.0&m=search_to_detail",ParisOuest,42.0
311,1190,2,35.0,"https://www.seloger.com/annonces/locations/appartement/paris-16eme-75/164293861.htm?projects=1&types=2,1&natures=1&places=[{ci:750107}|{ci:750108}|{ci:750116}]&price=NaN/1200&enterprise=0&qsVersion=1.0&m=search_to_detail",ParisOuest,34.0
312,850,1,22.26,"https://www.seloger.com/annonces/locations/appartement/paris-8eme-75/163171353.htm?projects=1&types=2,1&natures=1&places=[{ci:750107}|{ci:750108}|{ci:750116}]&price=NaN/1200&enterprise=0&qsVersion=1.0&m=search_to_detail",ParisOuest,38.18508535489667
313,1090,2,35.35,"https://www.seloger.com/annonces/locations/appartement/paris-7eme-75/164266113.htm?projects=1&types=2,1&natures=1&places=[{ci:750107}|{ci:750108}|{ci:750116}]&price=NaN/1200&enterprise=0&qsVersion=1.0&m=search_to_detail",ParisOuest,30.834512022630832
314,1200,1,29.5,"https://www.seloger.com/annonces/locations/appartement/paris-16eme-75/161653165.htm?projects=1&types=2,1&natures=1&places=[{ci:750107}|{ci:750108}|{ci:750116}]&price=NaN/1200&enterprise=0&qsVersion=1.0&m=search_to_detail",ParisOuest,40.67796610169491
315,615,1,10.0,"https://www.seloger.com/annonces/locations/appartement/paris-16eme-75/muette-sud/159718989.htm?projects=1&types=2,1&natures=1&places=[{ci:750107}|{ci:750108}|{ci:750116}]&price=NaN/1200&enterprise=0&qsVersion=1.0&m=search_to_detail",ParisOuest,61.5
316,700,1,14.0,"https://www.seloger.com/annonces/locations/appartement/paris-16eme-75/163510069.htm?projects=1&types=2,1&natures=1&places=[{ci:750107}|{ci:750108}|{ci:750116}]&price=NaN/1200&enterprise=0&qsVersion=1.0&m=search_to_detail",ParisOuest,50.0
317,850,1,15.0,"https://www.seloger.com/annonces/locations/appartement/paris-16eme-75/auteuil-nord/161095021.htm?projects=1&types=2,1&natures=1&places=[{ci:750107}|{ci:750108}|{ci:750116}]&price=NaN/1200&enterprise=0&qsVersion=1.0&m=search_to_detail",ParisOuest,56.666666666666664
318,620,1,11.96,"https://www.seloger.com/annonces/locations/appartement/paris-16eme-75/161685471.htm?projects=1&types=2,1&natures=1&places=[{ci:750107}|{ci:750108}|{ci:750116}]&price=NaN/1200&enterprise=0&qsVersion=1.0&m=search_to_detail",ParisOuest,51.83946488294314
319,1150,2,35.0,"https://www.seloger.com/annonces/locations/appartement/paris-16eme-75/auteuil-sud/161369459.htm?projects=1&types=2,1&natures=1&places=[{ci:750107}|{ci:750108}|{ci:750116}]&price=NaN/1200&enterprise=0&qsVersion=1.0&m=search_to_detail",ParisOuest,32.857142857142854
320,625,1,10.0,"https://www.seloger.com/annonces/locations/appartement/paris-7eme-75/ecole-militaire/160720543.htm?projects=1&types=2,1&natures=1&places=[{ci:750107}|{ci:750108}|{ci:750116}]&price=NaN/1200&enterprise=0&qsVersion=1.0&m=search_to_detail",ParisOuest,62.5
321,550,1,10.62,"https://www.seloger.com/annonces/locations/appartement/paris-16eme-75/163537627.htm?projects=1&types=2,1&natures=1&places=[{ci:750107}|{ci:750108}|{ci:750116}]&price=NaN/1200&enterprise=0&qsVersion=1.0&m=search_to_detail",ParisOuest,51.78907721280603
322,1100,2,30.0,"https://www.seloger.com/annonces/locations/appartement/paris-16eme-75/164269937.htm?projects=1&types=2,1&natures=1&places=[{ci:750107}|{ci:750108}|{ci:750116}]&price=NaN/1200&enterprise=0&qsVersion=1.0&m=search_to_detail",ParisOuest,36.666666666666664
323,717,1,18.0,"https://www.seloger.com/annonces/locations/appartement/paris-16eme-75/164026721.htm?projects=1&types=2,1&natures=1&places=[{ci:750107}|{ci:750108}|{ci:750116}]&price=NaN/1200&enterprise=0&qsVersion=1.0&m=search_to_detail",ParisOuest,39.833333333333336
324,500,1,10.0,"https://www.seloger.com/annonces/locations/appartement/paris-16eme-75/162694549.htm?projects=1&types=2,1&natures=1&places=[{ci:750107}|{ci:750108}|{ci:750116}]&price=NaN/1200&enterprise=0&qsVersion=1.0&m=search_to_detail",ParisOuest,50.0
325,700,1,16.0,"https://www.seloger.com/annonces/locations/appartement/paris-16eme-75/164026723.htm?projects=1&types=2,1&natures=1&places=[{ci:750107}|{ci:750108}|{ci:750116}]&price=NaN/1200&enterprise=0&qsVersion=1.0&m=search_to_detail",ParisOuest,43.75
326,910,1,18.0,"https://www.seloger.com/annonces/locations/appartement/paris-8eme-75/162345423.htm?projects=1&types=2,1&natures=1&places=[{ci:750107}|{ci:750108}|{ci:750116}]&price=NaN/1200&enterprise=0&qsVersion=1.0&m=search_to_detail",ParisOuest,50.55555555555556
327,1090,1,25.0,"https://www.seloger.com/annonces/locations/appartement/paris-16eme-75/162502711.htm?projects=1&types=2,1&natures=1&places=[{ci:750107}|{ci:750108}|{ci:750116}]&price=NaN/1200&enterprise=0&qsVersion=1.0&m=search_to_detail",ParisOuest,43.6
328,1200,1,32.0,"https://www.seloger.com/annonces/locations/appartement/paris-16eme-75/162018921.htm?projects=1&types=2,1&natures=1&places=[{ci:750107}|{ci:750108}|{ci:750116}]&price=NaN/1200&enterprise=0&qsVersion=1.0&m=search_to_detail",ParisOuest,37.5
329,540,1,12.0,"https://www.seloger.com/annonces/locations/appartement/paris-16eme-75/chaillot/58428671.htm?projects=1&types=2,1&natures=1&places=[{ci:750107}|{ci:750108}|{ci:750116}]&price=NaN/1200&enterprise=0&qsVersion=1.0&m=search_to_detail",ParisOuest,45.0
330,800,1,12.0,"https://www.seloger.com/annonces/locations/appartement/paris-16eme-75/chaillot/160889005.htm?projects=1&types=2,1&natures=1&places=[{ci:750107}|{ci:750108}|{ci:750116}]&price=NaN/1200&enterprise=0&qsVersion=1.0&m=search_to_detail",ParisOuest,66.66666666666667
331,800,1,12.0,"https://www.seloger.com/annonces/locations/appartement/paris-16eme-75/chaillot/160886305.htm?projects=1&types=2,1&natures=1&places=[{ci:750107}|{ci:750108}|{ci:750116}]&price=NaN/1200&enterprise=0&qsVersion=1.0&m=search_to_detail",ParisOuest,66.66666666666667
332,800,1,12.0,"https://www.seloger.com/annonces/locations/appartement/paris-16eme-75/chaillot/160870075.htm?projects=1&types=2,1&natures=1&places=[{ci:750107}|{ci:750108}|{ci:750116}]&price=NaN/1200&enterprise=0&qsVersion=1.0&m=search_to_detail",ParisOuest,66.66666666666667
333,1000,1,19.0,"https://www.seloger.com/annonces/locations/appartement/paris-16eme-75/162619865.htm?projects=1&types=2,1&natures=1&places=[{ci:750107}|{ci:750108}|{ci:750116}]&price=NaN/1200&enterprise=0&qsVersion=1.0&m=search_to_detail",ParisOuest,52.63157894736842
334,1150,1,20.0,"https://www.seloger.com/annonces/locations/appartement/paris-16eme-75/162661937.htm?projects=1&types=2,1&natures=1&places=[{ci:750107}|{ci:750108}|{ci:750116}]&price=NaN/1200&enterprise=0&qsVersion=1.0&m=search_to_detail",ParisOuest,57.5
335,900,1,17.0,"https://www.seloger.com/annonces/locations/appartement/paris-16eme-75/161436189.htm?projects=1&types=2,1&natures=1&places=[{ci:750107}|{ci:750108}|{ci:750116}]&price=NaN/1200&enterprise=0&qsVersion=1.0&m=search_to_detail",ParisOuest,52.94117647058823
336,870,1,15.0,"https://www.seloger.com/annonces/locations/appartement/paris-7eme-75/161690673.htm?projects=1&types=2,1&natures=1&places=[{ci:750107}|{ci:750108}|{ci:750116}]&price=NaN/1200&enterprise=0&qsVersion=1.0&m=search_to_detail",ParisOuest,58.0
